blur_size,noise_level,accuracy,f1,precision,recall,f1_immune,precision_immune,recall_immune,f1_other,precision_other,recall_other,f1_stromal,precision_stromal,recall_stromal,f1_tumour,precision_tumour,recall_tumour,confidence_overall,confidence_immune_avg,confidence_immune_std,confidence_other_avg,confidence_other_std,confidence_stromal_avg,confidence_stromal_std,confidence_tumour_avg,confidence_tumour_std,count_pred_immune,count_pred_other,count_pred_stromal,count_pred_tumour,confusion_matrix,Model_Label,test_set
0,0,0.515,0.4998614642189366,0.5142850672562482,0.515,0.5725149375339489,0.6266349583828775,0.527,0.3096539162112932,0.3941267387944359,0.255,0.512273212379936,0.5491990846681922,0.48,0.6050037907505686,0.4871794871794871,0.798,0.4287425,0.4473246135552913,0.0968829317983305,0.3638485316846986,0.0493718996617075,0.5093821510297484,0.1538218915717889,0.4018070818070818,0.0639236563788548,841,647,874,1638,"[[527, 108, 102, 263], [129, 255, 259, 357], [116, 184, 480, 220], [69, 100, 33, 798]]",RF (PCA),0.0
1,0,0.51675,0.5023802628948554,0.5182475638503379,0.51675,0.5740540540540541,0.6247058823529412,0.531,0.3196125907990315,0.4049079754601227,0.264,0.5148729042725798,0.5606595995288575,0.476,0.6009815024537561,0.4827167980594299,0.796,0.42997,0.4478,0.0968223722323817,0.3633588957055215,0.0492761098053969,0.5134864546525324,0.1540122220465873,0.4041176470588235,0.0641383679749898,850,652,849,1649,"[[531, 105, 104, 260], [128, 264, 238, 370], [116, 185, 476, 223], [75, 98, 31, 796]]",RF (PCA),0.0
3,0,0.51325,0.4974352717490919,0.5162557719126407,0.51325,0.5653912050256996,0.6591211717709721,0.495,0.3010359536867764,0.3853354134165366,0.247,0.516597510373444,0.5366379310344828,0.498,0.6067164179104477,0.4839285714285714,0.813,0.4375175,0.4552996005326232,0.0943991270770886,0.3658346333853354,0.0509531379197312,0.518760775862069,0.1547908589458406,0.4120416666666667,0.0674444086925587,751,641,928,1680,"[[495, 124, 104, 277], [104, 247, 286, 363], [94, 181, 498, 227], [58, 89, 40, 813]]",RF (PCA),0.0
5,0,0.51275,0.4957523280896947,0.520917141167131,0.51275,0.5475469412477286,0.6943164362519201,0.452,0.2932193036041539,0.3767660910518053,0.24,0.5314823996033713,0.5270403146509341,0.536,0.610760667903525,0.4855457227138643,0.823,0.4520025,0.4602304147465438,0.0937842855916956,0.3702197802197802,0.0520802609487073,0.5336086529006884,0.1585202475175119,0.4306135693215339,0.0747896238757244,651,637,1017,1695,"[[452, 130, 121, 297], [87, 240, 314, 359], [73, 175, 536, 216], [39, 92, 46, 823]]",RF (PCA),0.0
7,0,0.5085,0.48605730354256,0.5229030457575421,0.5085,0.5345268542199488,0.7411347517730497,0.418,0.2592352559948153,0.3683241252302026,0.2,0.5421245421245421,0.5,0.592,0.6083425618309339,0.4821533060269163,0.824,0.470095,0.4574645390070921,0.0947680472789809,0.3750092081031307,0.0539929562618332,0.549543918918919,0.1617523176350736,0.4494324166179052,0.0819458692021597,564,543,1184,1709,"[[418, 114, 159, 309], [68, 200, 371, 361], [51, 142, 592, 215], [27, 87, 62, 824]]",RF (PCA),0.0
9,0,0.496,0.4660892141343615,0.5200779476102091,0.496,0.4969366916269571,0.7782515991471215,0.365,0.223738062755798,0.351931330472103,0.164,0.5413598960589,0.4774637127578304,0.625,0.602322206095791,0.4726651480637813,0.83,0.4888925,0.4575479744136461,0.0900423990460103,0.3800643776824035,0.0513194587134205,0.5752406417112299,0.1625927465192497,0.4617767653758542,0.0899691686371211,469,466,1309,1756,"[[365, 112, 196, 327], [50, 164, 409, 377], [38, 115, 625, 222], [16, 75, 79, 830]]",RF (PCA),0.0
19,0,0.466,0.4013514995891497,0.5258591569873061,0.466,0.4006092916984006,0.8402555910543131,0.263,0.0854092526690391,0.3870967741935484,0.048,0.522372528616025,0.3998937865108868,0.753,0.5970149253731343,0.4761904761904761,0.8,0.5484125,0.4384025559105432,0.0794228638577801,0.3583064516129032,0.0558904714337459,0.6283271375464683,0.1812745201730745,0.4933690476190475,0.1013648854107331,313,124,1883,1680,"[[263, 23, 384, 330], [28, 48, 578, 346], [19, 24, 753, 204], [3, 29, 168, 800]]",RF (PCA),0.0
0,1,0.514,0.498456227542385,0.5133208894412131,0.514,0.5744794447410572,0.6162657502863689,0.538,0.3089133089133089,0.396551724137931,0.253,0.508695652173913,0.5571428571428572,0.468,0.6017365043412608,0.4833232261976956,0.797,0.42993,0.4489576174112256,0.096895400859511,0.3625548589341693,0.0482115176982969,0.5140952380952382,0.1535931250823498,0.403050333535476,0.0640324585212788,873,638,840,1649,"[[538, 104, 100, 258], [135, 253, 242, 370], [120, 188, 468, 224], [80, 93, 30, 797]]",RF (PCA),0.0
0,3,0.5145,0.4991442638515905,0.5146768049856221,0.5145,0.5717344753747323,0.6152073732718893,0.534,0.3108935128518972,0.4006309148264984,0.254,0.5140997830802603,0.5616113744075829,0.474,0.5998492840994725,0.4812575574365175,0.796,0.429815,0.4498387096774194,0.0966475938426306,0.3624763406940063,0.0487996636150687,0.5125947867298578,0.1532492371700458,0.4028778718258766,0.0637724820120427,868,634,844,1654,"[[534, 105, 101, 260], [132, 254, 241, 373], [123, 178, 474, 225], [79, 97, 28, 796]]",RF (PCA),0.0
0,5,0.51325,0.497961224166023,0.5133493582928924,0.51325,0.5709711846318036,0.6121281464530892,0.535,0.312039312039312,0.4044585987261146,0.254,0.5116279069767442,0.5571260306242638,0.473,0.5972064930162325,0.4796846573681019,0.791,0.4297925,0.448604118993135,0.096715493880191,0.3622133757961783,0.0487457887719432,0.5118256772673734,0.1529562252144188,0.4033232261976955,0.063744052721727,874,628,849,1649,"[[535, 103, 102, 260], [135, 254, 242, 369], [119, 179, 473, 229], [85, 92, 32, 791]]",RF (PCA),0.0
0,10,0.51825,0.5035577889192997,0.5196613062642716,0.51825,0.5691404164442072,0.6105383734249714,0.533,0.3288508557457212,0.4229559748427673,0.269,0.5138211382113821,0.5609467455621302,0.474,0.6024187452758881,0.4842041312272175,0.797,0.4298625,0.4492439862542955,0.0968359758612164,0.3637106918238993,0.0493071933864336,0.5115266272189349,0.1541333114331813,0.4032199270959903,0.0641901336675816,873,636,845,1646,"[[533, 100, 105, 262], [134, 269, 238, 359], [123, 175, 474, 228], [83, 92, 28, 797]]",RF (PCA),0.0
0,20,0.5165,0.499685134800912,0.5143993462632543,0.5165,0.5789197692711064,0.6085997794928335,0.552,0.3030682529743269,0.4053601340033501,0.242,0.5159201295196978,0.5603751465416178,0.478,0.6008323874385169,0.483262325015216,0.794,0.431825,0.452348401323043,0.0963884660599789,0.3625293132328308,0.0489021985204281,0.5126260257913248,0.1529173807158717,0.4037248934875228,0.0632917466408719,907,597,853,1643,"[[552, 94, 95, 259], [146, 242, 251, 361], [123, 170, 478, 229], [86, 91, 29, 794]]",RF (PCA),0.0
0,30,0.5065,0.4838677849073051,0.49641701201863,0.5065,0.5701624815361891,0.5615906886517944,0.579,0.2589167767503302,0.3813229571984435,0.196,0.5060109289617486,0.5578313253012048,0.463,0.6003809523809523,0.4849230769230769,0.788,0.4357374999999999,0.4579437439379243,0.0988068525935604,0.3623346303501946,0.0469870096208769,0.5123734939759036,0.1469744023974286,0.4057230769230769,0.0641803966457786,1031,514,830,1625,"[[579, 82, 93, 246], [186, 196, 249, 369], [160, 155, 463, 222], [106, 81, 25, 788]]",RF (PCA),0.0
1,1,0.51425,0.4975657590195398,0.5149885817942611,0.5142500000000001,0.5741728922091782,0.6155606407322655,0.538,0.3069245165315034,0.4079601990049751,0.246,0.5100598151169113,0.5589988081048868,0.469,0.5991058122205664,0.4774346793349168,0.804,0.430915,0.4502288329519451,0.0966613981708813,0.3634825870646766,0.0477188867345454,0.5130274135876043,0.1538164098056239,0.404127078384798,0.0645237292944075,874,603,839,1684,"[[538, 101, 100, 261], [137, 246, 237, 380], [121, 171, 469, 239], [78, 85, 33, 804]]",RF (PCA),0.0
1,3,0.515,0.4987467668774499,0.5164075522369925,0.515,0.5732551944592434,0.61345496009122,0.538,0.3097014925373134,0.4095394736842105,0.249,0.5141921397379913,0.5661057692307693,0.471,0.5978382407752516,0.4765300059417706,0.802,0.430855,0.4493956670467502,0.0968652316061359,0.3629934210526315,0.0476650866256764,0.5153125000000001,0.1531673557981972,0.4039572192513369,0.0646396148637678,877,608,832,1683,"[[538, 104, 96, 262], [136, 249, 235, 380], [122, 168, 471, 239], [81, 87, 30, 802]]",RF (PCA),0.0
1,5,0.5145,0.4977163620687485,0.514705193136712,0.5145,0.5718849840255591,0.6116173120728929,0.537,0.3076923076923077,0.4052287581699346,0.248,0.5087527352297593,0.5615942028985508,0.465,0.6025354213273676,0.4803804994054697,0.808,0.430925,0.449373576309795,0.0968981069405789,0.3632679738562091,0.048356384839215,0.5151449275362319,0.1538125883318481,0.4044530321046373,0.0643837834802339,878,612,828,1682,"[[537, 103, 100, 260], [140, 248, 233, 379], [120, 180, 465, 235], [81, 81, 30, 808]]",RF (PCA),0.0
1,10,0.516,0.4997020654073416,0.5166905502996229,0.516,0.5721840296139609,0.6071829405162739,0.541,0.314410480349345,0.417910447761194,0.252,0.5125136017410229,0.5620525059665871,0.471,0.5997001499250375,0.4796163069544364,0.8,0.4309075,0.4474298540965207,0.097431747476131,0.3638640132669983,0.0490421832350902,0.5134128878281622,0.153796191969934,0.4048681055155875,0.0642129577793348,891,603,838,1668,"[[541, 101, 101, 257], [142, 252, 234, 372], [122, 168, 471, 239], [86, 82, 32, 800]]",RF (PCA),0.0
1,20,0.518,0.4982650568980464,0.5151054789517963,0.518,0.5807469752761705,0.6126526082130965,0.552,0.2895579756566304,0.4028520499108734,0.226,0.5135427952329361,0.5602836879432624,0.474,0.6092124814264487,0.4846335697399527,0.82,0.4328975,0.4537846836847947,0.0964773223492165,0.3662210338680927,0.0480602079281487,0.5136406619385342,0.152470540351938,0.4035106382978723,0.0648381637269216,901,561,846,1692,"[[552, 97, 95, 256], [150, 226, 250, 374], [120, 164, 474, 242], [79, 74, 27, 820]]",RF (PCA),0.0
1,30,0.50825,0.4856589644147588,0.5009505324651442,0.50825,0.5642292490118577,0.5576171875,0.571,0.2717031146454606,0.4027504911591356,0.205,0.502473886750962,0.557997557997558,0.457,0.6042296072507553,0.4854368932038835,0.8,0.436795,0.4594140625,0.0984570835554562,0.3606876227897838,0.0478426393248833,0.5136752136752137,0.1492228038384009,0.4080400485436893,0.0656667140045318,1024,509,819,1648,"[[571, 86, 94, 249], [185, 205, 243, 367], [156, 155, 457, 232], [112, 63, 25, 800]]",RF (PCA),0.0
3,1,0.511,0.4935365808036676,0.5112815433215757,0.511,0.5704622322435174,0.6537467700258398,0.506,0.2835913312693498,0.3723577235772358,0.229,0.5140771637122002,0.5370370370370371,0.493,0.6060155959896026,0.4819846426461902,0.816,0.4385124999999999,0.4576485788113695,0.0947969434237008,0.365739837398374,0.0493344051847482,0.5184531590413944,0.1554920627395102,0.4128529238038984,0.0678325323004478,774,615,918,1693,"[[506, 114, 106, 274], [114, 229, 282, 375], [95, 184, 493, 228], [59, 88, 37, 816]]",RF (PCA),0.0
3,3,0.5105,0.4928047017804169,0.5110154915218295,0.5105,0.5698198198198198,0.6520618556701031,0.506,0.2846534653465346,0.3733766233766233,0.23,0.509721492380452,0.5370985603543743,0.485,0.6070240295748613,0.481524926686217,0.821,0.43831,0.4569845360824742,0.0951568415992003,0.3664285714285714,0.048968961431436,0.5203765227021041,0.1551067648670093,0.4123167155425219,0.0680466847404658,776,616,903,1705,"[[506, 112, 105, 277], [114, 230, 277, 379], [98, 189, 485, 228], [58, 85, 36, 821]]",RF (PCA),0.0
3,5,0.51225,0.4941313610279461,0.512111075389943,0.51225,0.5720720720720721,0.654639175257732,0.508,0.2814445828144458,0.3729372937293729,0.226,0.5143453312467396,0.5376226826608506,0.493,0.6086634579785265,0.4832451499118165,0.822,0.4383474999999999,0.4568943298969072,0.0945854720041174,0.3657920792079208,0.0502332809153302,0.5179062159214832,0.1549755668453915,0.4128453850676072,0.0678251562061399,776,606,917,1701,"[[508, 113, 106, 273], [114, 226, 281, 379], [95, 185, 493, 227], [59, 82, 37, 822]]",RF (PCA),0.0
3,10,0.51225,0.4949542108717522,0.5119751059818718,0.51225,0.5744800449690838,0.6559691912708601,0.511,0.2809611829944547,0.3659711075441412,0.228,0.5170068027210885,0.5422612513721186,0.494,0.6073688128023819,0.4836988737403675,0.816,0.4387775,0.4567137355584081,0.0953460501131624,0.3663402889245586,0.0496513665495477,0.5197585071350165,0.1559516195897179,0.4135151155898044,0.0679510239113012,779,623,911,1687,"[[511, 119, 101, 269], [111, 228, 280, 381], [99, 186, 494, 221], [58, 90, 36, 816]]",RF (PCA),0.0
3,20,0.51525,0.4976434286282661,0.5158087996203585,0.51525,0.5752212389380531,0.6435643564356436,0.52,0.2944862155388471,0.3942953020134228,0.235,0.5150078988941548,0.5439377085650723,0.489,0.6058583611420096,0.4814378314672952,0.817,0.4401275,0.4583415841584158,0.0965376967024755,0.3651174496644295,0.0483709758661892,0.5245272525027809,0.1537028107758391,0.4130878020035356,0.0681380445551047,808,596,899,1697,"[[520, 104, 105, 271], [120, 235, 272, 373], [106, 169, 489, 236], [62, 88, 33, 817]]",RF (PCA),0.0
3,30,0.513,0.4896073244327197,0.5057977119117267,0.513,0.5760416666666667,0.6010869565217392,0.553,0.2653333333333333,0.398,0.199,0.5063559322033898,0.5382882882882883,0.478,0.6106983655274889,0.4858156028368794,0.822,0.4431275,0.4623369565217391,0.0964076238612036,0.36576,0.0488182588792349,0.5198761261261261,0.1514490309628546,0.4152659574468085,0.0688429376945739,920,500,888,1692,"[[553, 79, 105, 263], [155, 199, 274, 372], [132, 155, 478, 235], [80, 67, 31, 822]]",RF (PCA),0.0
5,1,0.51375,0.4963980353194839,0.5214128345933539,0.5137499999999999,0.5601907032181168,0.6932153392330384,0.47,0.2892613283674736,0.381342062193126,0.233,0.5295887662988967,0.5311871227364185,0.528,0.6065513433934486,0.4799068142108328,0.824,0.45291,0.461047197640118,0.0942393589188345,0.370671031096563,0.0517109060293264,0.5348792756539236,0.158095543002903,0.4315084449621432,0.0753736301117241,678,611,994,1717,"[[470, 117, 119, 294], [92, 233, 302, 373], [73, 173, 528, 226], [43, 88, 45, 824]]",RF (PCA),0.0
5,3,0.51325,0.4956198376689731,0.5202464198596408,0.51325,0.5607142857142857,0.6926470588235294,0.471,0.2858918582970789,0.3776683087027914,0.23,0.5285857572718154,0.5301810865191147,0.527,0.6072874493927125,0.4804892253931275,0.825,0.45286,0.4608823529411764,0.093943589051491,0.3709688013136288,0.0516290992277504,0.5347183098591549,0.1578507914485262,0.4313395457192778,0.0754714132215305,680,609,994,1717,"[[471, 116, 120, 293], [93, 230, 304, 373], [74, 173, 527, 226], [42, 90, 43, 825]]",RF (PCA),0.0
5,5,0.5155,0.497332157702421,0.5227543183002166,0.5155,0.5598570577724836,0.6921944035346097,0.47,0.2876797998749218,0.3839732888146911,0.23,0.5323308270676692,0.5336683417085427,0.531,0.6094609460946094,0.4811812391430226,0.831,0.452885,0.4606627393225331,0.0942797029939096,0.3708180300500834,0.0516359926312786,0.5344221105527638,0.1581060731451983,0.4313144180660104,0.0756891376193135,679,599,995,1727,"[[470, 116, 116, 298], [93, 230, 302, 375], [75, 171, 531, 223], [41, 82, 46, 831]]",RF (PCA),0.0
5,10,0.5135,0.4957284116847176,0.521864310987282,0.5135000000000001,0.5569469290399522,0.689807976366322,0.467,0.2948157401623985,0.3926788685524126,0.236,0.5230923694779116,0.5252016129032258,0.521,0.608058608058608,0.4797687861271676,0.83,0.452635,0.4616691285081241,0.0938871213640575,0.3700998336106489,0.0517062290872987,0.5346370967741936,0.1572843805524402,0.4307514450867052,0.0756246554337434,677,601,992,1730,"[[467, 110, 128, 295], [91, 236, 299, 374], [75, 173, 521, 231], [44, 82, 44, 830]]",RF (PCA),0.0
5,20,0.51575,0.4970170813879739,0.5212941973610329,0.5157499999999999,0.5574543311726576,0.6786226685796269,0.473,0.2900569981000633,0.3955094991364421,0.229,0.5306122448979592,0.5282457879088206,0.533,0.6099447513812155,0.482798833819242,0.828,0.4538875,0.4620086083213773,0.0963642357050963,0.3703626943005181,0.0510549136140656,0.5337859266600596,0.1584730713123777,0.4317784256559767,0.0750978984063023,697,579,1009,1715,"[[473, 102, 127, 298], [99, 229, 306, 366], [82, 162, 533, 223], [43, 86, 43, 828]]",RF (PCA),0.0
5,30,0.5165,0.49442619445136,0.5154305050170795,0.5165,0.5640738668158926,0.6404066073697586,0.504,0.2766379880873593,0.4090019569471624,0.209,0.5231388329979879,0.5263157894736842,0.52,0.6138540899042004,0.4859976662777129,0.833,0.455955,0.4647395171537484,0.0964636569087764,0.3674363992172211,0.0502545707820724,0.5332894736842105,0.1531266880780332,0.4337339556592766,0.0754446279124774,787,511,988,1714,"[[504, 85, 132, 279], [126, 209, 296, 369], [102, 145, 520, 233], [55, 72, 40, 833]]",RF (PCA),0.0
7,1,0.50825,0.4856936326745017,0.5219375085354059,0.50825,0.5410872313527181,0.7353951890034365,0.428,0.2583170254403131,0.3714821763602251,0.198,0.5364485981308411,0.5035087719298246,0.574,0.6069216757741348,0.4773638968481375,0.833,0.47048,0.4596391752577319,0.0942871995080582,0.3750844277673545,0.0523288992571795,0.5526578947368421,0.1608023920213203,0.4495472779369627,0.0825112386182696,582,533,1140,1745,"[[428, 106, 154, 312], [71, 198, 356, 375], [54, 147, 574, 225], [29, 82, 56, 833]]",RF (PCA),0.0
7,3,0.51025,0.487932641759273,0.5245825524436839,0.51025,0.540506329113924,0.7362068965517241,0.427,0.2639791937581274,0.3773234200743494,0.203,0.5381375760411792,0.5057167985927881,0.575,0.6091074681238615,0.4790830945558739,0.836,0.47043,0.4602241379310345,0.0945230391735351,0.3752973977695167,0.0531848571182215,0.55259454705365,0.1610034663316075,0.4496160458452721,0.0820449340535349,580,538,1137,1745,"[[427, 107, 153, 313], [71, 203, 354, 372], [53, 148, 575, 224], [29, 80, 55, 836]]",RF (PCA),0.0
7,5,0.512,0.4888027852440325,0.525555512338638,0.512,0.540506329113924,0.7362068965517241,0.427,0.2604712041884817,0.3768939393939394,0.199,0.5426573426573427,0.508296943231441,0.582,0.6115762650163815,0.480824270177447,0.84,0.4705725,0.4607241379310345,0.0936896551724137,0.3753598484848485,0.0529209607322611,0.5516157205240175,0.1619394218427112,0.449502003434459,0.0824463772342628,580,528,1145,1747,"[[427, 106, 151, 316], [73, 199, 357, 371], [55, 143, 582, 220], [25, 80, 55, 840]]",RF (PCA),0.0
7,10,0.50975,0.4875888652669118,0.5241381059638481,0.5097499999999999,0.5351934051997463,0.7313691507798961,0.422,0.2675324675324675,0.3814814814814815,0.206,0.5392840539284054,0.5039096437880104,0.58,0.6083455344070278,0.4797921478060046,0.831,0.47062,0.4609185441941074,0.0948848903237256,0.3753333333333333,0.0517586993940435,0.5499044309296265,0.1621893260571821,0.4508718244803695,0.081889435490417,577,540,1151,1732,"[[422, 110, 151, 317], [71, 206, 360, 363], [54, 145, 580, 221], [30, 79, 60, 831]]",RF (PCA),0.0
7,20,0.5055,0.4818535781009916,0.5151733967638177,0.5055,0.5443117536140792,0.7326565143824028,0.433,0.2398427260812582,0.3479087452471482,0.183,0.5363128491620112,0.5017421602787456,0.576,0.6069469835466179,0.4783861671469741,0.83,0.4712675,0.4626565143824027,0.0939050288177276,0.3735551330798479,0.0527324097343287,0.5515331010452962,0.1607460333316095,0.45071469740634,0.0824226605449383,591,526,1148,1735,"[[433, 105, 157, 305], [77, 183, 361, 379], [53, 150, 576, 221], [28, 88, 54, 830]]",RF (PCA),0.0
7,30,0.51525,0.4899163274005254,0.5198955530425473,0.51525,0.5618247298919568,0.7027027027027027,0.468,0.2459239130434782,0.3834745762711864,0.181,0.5388257575757576,0.5116906474820144,0.569,0.6130909090909091,0.4817142857142857,0.843,0.471415,0.4651501501501501,0.0942923301281629,0.3704872881355932,0.0508734705706228,0.5503597122302158,0.1562863083429151,0.4508571428571428,0.0825656943139886,666,472,1112,1750,"[[468, 84, 152, 296], [100, 181, 346, 373], [66, 127, 569, 238], [32, 80, 45, 843]]",RF (PCA),0.0
9,1,0.49925,0.4690884859410225,0.5195680322515359,0.4992499999999999,0.5057162071284466,0.7720739219712526,0.376,0.2199453551912568,0.3469827586206896,0.161,0.544259421560035,0.484399375975039,0.621,0.6064329598843513,0.4748160724391624,0.839,0.48913,0.4593223819301848,0.0891768930075637,0.3774568965517241,0.0517828510158925,0.574773790951638,0.1632551681310889,0.4645331069609507,0.089444585043325,487,464,1282,1767,"[[376, 111, 193, 320], [54, 161, 400, 385], [39, 117, 621, 223], [18, 75, 68, 839]]",RF (PCA),0.0
9,3,0.5005,0.4700544831216734,0.5214446859299421,0.5005,0.5077233042310275,0.7730061349693251,0.378,0.2213058419243986,0.3538461538461538,0.161,0.5436212187637002,0.4839968774395004,0.62,0.6075675675675676,0.4749295774647887,0.843,0.4888475,0.4583231083844581,0.0896987112011981,0.3789450549450549,0.0513272976741951,0.5746291959406713,0.1625447728341336,0.4635211267605634,0.0896939803835255,489,455,1281,1775,"[[378, 107, 192, 323], [54, 161, 401, 384], [39, 116, 620, 225], [18, 71, 68, 843]]",RF (PCA),0.0
9,5,0.49725,0.4666922456484638,0.5189153735324759,0.4972499999999999,0.5104377104377105,0.7814432989690722,0.379,0.2125603864734299,0.3429844097995546,0.154,0.5412483631601921,0.4802478698683191,0.62,0.6025225225225225,0.4709859154929577,0.836,0.48901,0.4596082474226804,0.0882525145462303,0.3778173719376391,0.0516295918431965,0.5731758326878389,0.1634513007583042,0.4639549295774647,0.0898939481406784,485,449,1291,1775,"[[379, 104, 195, 322], [52, 154, 405, 389], [36, 116, 620, 228], [18, 75, 71, 836]]",RF (PCA),0.0
9,10,0.49925,0.4685088926970682,0.5201675151350992,0.4992499999999999,0.5094086021505376,0.7766393442622951,0.379,0.2153209109730849,0.3474387527839643,0.156,0.5450568678915135,0.484447900466563,0.623,0.6042491897731365,0.4721440630275745,0.839,0.48881,0.4587909836065573,0.0897855674116166,0.3775278396436525,0.0518554591715245,0.5738024883359254,0.1624690563480798,0.463663477771525,0.0901010836069121,488,449,1286,1777,"[[379, 106, 189, 326], [52, 156, 406, 386], [38, 113, 623, 226], [19, 74, 68, 839]]",RF (PCA),0.0
9,20,0.4985,0.4676007547697522,0.517250260622331,0.4984999999999999,0.5133689839572193,0.7741935483870968,0.384,0.2100898410504492,0.3400447427293065,0.152,0.540445999125492,0.4801864801864802,0.618,0.6064981949458483,0.4745762711864407,0.84,0.4885199999999999,0.4587903225806451,0.089048217655593,0.3771140939597315,0.051552566105421,0.5729448329448329,0.1622264934745069,0.4635988700564971,0.0896130261848134,496,447,1287,1770,"[[384, 101, 196, 319], [56, 152, 407, 385], [37, 119, 618, 226], [19, 75, 66, 840]]",RF (PCA),0.0
9,30,0.506,0.4737981266855912,0.5150236131345303,0.506,0.5410566518141311,0.7443082311733801,0.425,0.2001429592566118,0.3508771929824561,0.14,0.5454545454545454,0.4881516587677725,0.618,0.6085383502170767,0.4767573696145125,0.841,0.4875724999999999,0.4592294220665499,0.0905389674861953,0.3745363408521303,0.0492624606848452,0.5658925750394945,0.158779013694303,0.4661054421768708,0.0892852202772209,571,399,1266,1764,"[[425, 85, 185, 305], [71, 140, 404, 385], [49, 100, 618, 233], [26, 74, 59, 841]]",RF (PCA),0.0
19,1,0.469,0.4034851291154046,0.513801153039587,0.469,0.4170403587443946,0.8254437869822485,0.279,0.0734109221128021,0.3504273504273504,0.041,0.5301632363378282,0.4108910891089108,0.747,0.5933259992665934,0.4684423856398378,0.809,0.546265,0.4380473372781065,0.0818193862135712,0.3627350427350427,0.0502408546191386,0.6281518151815182,0.1793178464165231,0.4936768963520555,0.1017210091327993,338,117,1818,1727,"[[279, 28, 355, 338], [32, 41, 557, 370], [23, 20, 747, 210], [4, 28, 159, 809]]",RF (PCA),0.0
19,3,0.4685,0.4033372029163465,0.5159111306307198,0.4685,0.4164794007490636,0.8298507462686567,0.278,0.0751341681574239,0.3559322033898305,0.042,0.5292242295430393,0.4097641250685683,0.747,0.5925110132158591,0.4680974477958237,0.807,0.5462175,0.4395223880597015,0.0806970302601318,0.3616949152542373,0.0536040898506973,0.6273560065825563,0.1799369913973681,0.4937819025522042,0.1015881487648344,335,118,1823,1724,"[[278, 28, 355, 339], [32, 42, 561, 365], [21, 19, 747, 213], [4, 29, 160, 807]]",RF (PCA),0.0
19,5,0.4695,0.4040692260919425,0.5174981311629472,0.4695,0.4144144144144144,0.8313253012048193,0.276,0.0767857142857142,0.3583333333333333,0.043,0.5310173697270472,0.4113124656781988,0.749,0.594059405940594,0.4690214244354371,0.81,0.5462925000000001,0.4398493975903614,0.0812606335929413,0.3585833333333333,0.0526513031388798,0.6276935749588137,0.1798652754322802,0.4939664157498552,0.101543758775294,332,120,1821,1727,"[[276, 28, 361, 335], [32, 43, 554, 371], [19, 21, 749, 211], [5, 28, 157, 810]]",RF (PCA),0.0
19,10,0.46675,0.3992375470937431,0.5124991676437914,0.46675,0.4138449962377727,0.8358662613981763,0.275,0.0634632819582955,0.3398058252427184,0.035,0.5270222536206287,0.4074276351720371,0.746,0.5926196565582755,0.4668969487622337,0.811,0.546125,0.4421580547112463,0.0799651858358368,0.3667961165048544,0.0523100092936056,0.6260622610595302,0.181320041217003,0.4921876799078872,0.1020082932509358,329,103,1831,1737,"[[275, 24, 363, 338], [31, 35, 562, 372], [18, 20, 746, 216], [5, 24, 160, 811]]",RF (PCA),0.0
19,20,0.4735,0.4081690446925169,0.519433281636194,0.4735,0.4190193164933135,0.815028901734104,0.282,0.0803571428571428,0.375,0.045,0.5325697924123121,0.4147157190635451,0.744,0.6007299270072993,0.4729885057471264,0.823,0.5446224999999999,0.4372543352601156,0.08185161427035,0.3565,0.0482985507028937,0.6293478260869565,0.1776747133561135,0.4915919540229885,0.1017425483372556,346,120,1794,1740,"[[282, 23, 358, 337], [32, 45, 552, 371], [25, 22, 744, 209], [7, 30, 140, 823]]",RF (PCA),0.0
19,30,0.47425,0.4116786594655806,0.5116939665502306,0.47425,0.4431486880466472,0.8172043010752689,0.304,0.0764444444444444,0.344,0.043,0.5324675324675324,0.4164785553047404,0.738,0.5946539729036983,0.4690930098209128,0.812,0.537815,0.4444354838709677,0.0802647074187898,0.35952,0.0488074748373648,0.6127539503386005,0.1741508918697299,0.4940439052570768,0.100809240562484,372,125,1772,1731,"[[304, 22, 344, 330], [36, 43, 544, 377], [26, 24, 738, 212], [6, 36, 146, 812]]",RF (PCA),0.0
0,0,0.62175,0.6128088604360901,0.6285562370605031,0.62175,0.6484679665738161,0.7320754716981132,0.582,0.4741784037558685,0.5738636363636364,0.404,0.6368110236220472,0.626937984496124,0.647,0.6917780477926286,0.5813478556841388,0.854,0.5253306,0.59996605,0.17388405,0.44389197,0.087554015,0.55990875,0.13593625,0.49967584,0.12550816,795,704,1032,1469,"[[582, 106, 114, 198], [96, 404, 236, 264], [66, 134, 647, 153], [51, 60, 35, 854]]",XGBoost (PCA),1.0
1,0,0.61425,0.6042627513195526,0.6207472408918954,0.61425,0.646273637374861,0.7280701754385965,0.581,0.4537914691943128,0.5566860465116279,0.383,0.6305858987090367,0.626232741617357,0.635,0.6864,0.572,0.858,0.5248346,0.5991998,0.17232819,0.44324386,0.08632801,0.558072,0.13694367,0.500227,0.12583756,798,688,1014,1500,"[[581, 109, 112, 198], [97, 383, 237, 283], [68, 136, 635, 161], [52, 60, 30, 858]]",XGBoost (PCA),1.0
3,0,0.59425,0.5814390380119341,0.6064047538792282,0.59425,0.6194379391100703,0.7471751412429378,0.529,0.4150030248033878,0.5252679938744257,0.343,0.6190009794319294,0.6065259117082533,0.632,0.6723142087023488,0.5466499686912962,0.873,0.521698,0.58895886,0.16503236,0.44032973,0.085832775,0.5633745,0.13507724,0.4979572,0.124535315,708,653,1042,1597,"[[529, 116, 119, 236], [85, 343, 256, 316], [64, 132, 632, 172], [30, 62, 35, 873]]",XGBoost (PCA),1.0
5,0,0.56325,0.545711728488888,0.5844368241985576,0.56325,0.5708908406524467,0.765993265993266,0.455,0.3639774859287054,0.4858096828046744,0.291,0.5998098859315589,0.5715579710144928,0.631,0.6481687014428413,0.5143863769817968,0.876,0.5206145,0.5717498,0.15509652,0.44225076,0.08620316,0.5642813,0.13540334,0.502034,0.123674124,594,599,1104,1703,"[[455, 118, 146, 281], [72, 291, 286, 351], [51, 123, 631, 195], [16, 67, 41, 876]]",XGBoost (PCA),1.0
7,0,0.543,0.52086299406004,0.5747342742144883,0.543,0.5177733065057009,0.7861507128309573,0.386,0.3418043202033037,0.4686411149825784,0.269,0.588724584103512,0.5472508591065293,0.637,0.6351497654276435,0.4968944099378882,0.88,0.52037364,0.5481825,0.14030883,0.44298762,0.08322342,0.5682423,0.13565072,0.50628346,0.12412169,491,574,1164,1771,"[[386, 137, 160, 317], [54, 269, 311, 366], [41, 114, 637, 208], [10, 54, 56, 880]]",XGBoost (PCA),1.0
9,0,0.52525,0.4964479725393104,0.5603281791870667,0.52525,0.4839160839160839,0.8046511627906977,0.346,0.292267365661861,0.4239543726235741,0.223,0.5805877114870882,0.5232744783306581,0.652,0.6290207290922087,0.489432703003337,0.88,0.5196298,0.5247921,0.12724173,0.44189394,0.0827055,0.5705134,0.13539803,0.5058746,0.124180146,430,526,1246,1798,"[[346, 139, 185, 330], [49, 223, 348, 380], [29, 111, 652, 208], [6, 53, 61, 880]]",XGBoost (PCA),1.0
19,0,0.498,0.4585670122424881,0.5396682452671722,0.498,0.4485025566106647,0.8319783197831978,0.307,0.2148997134670487,0.3787878787878788,0.15,0.5605095541401274,0.4656084656084656,0.704,0.6103562247521116,0.4822983168891468,0.831,0.51336443,0.48000205,0.10347169,0.42544818,0.07317177,0.5714877,0.13928334,0.48970973,0.12164096,369,396,1512,1723,"[[307, 109, 258, 326], [38, 150, 444, 368], [18, 80, 704, 198], [6, 57, 106, 831]]",XGBoost (PCA),1.0
0,1,0.61425,0.604026852297741,0.6201190832104796,0.61425,0.6446644664466447,0.7163814180929096,0.586,0.4570405727923627,0.5665680473372781,0.383,0.627177700348432,0.624380574826561,0.63,0.6872246696035242,0.5731462925851704,0.858,0.5248209,0.6008682,0.17341658,0.4433545,0.08518028,0.5558822,0.13678429,0.4991188,0.12633216,818,676,1009,1497,"[[586, 105, 115, 194], [101, 383, 233, 283], [74, 134, 630, 162], [57, 54, 31, 858]]",XGBoost (PCA),1.0
1,1,0.6105,0.6001392682969994,0.616008003369525,0.6105,0.6455142231947484,0.7125603864734299,0.59,0.4502680166765932,0.5567010309278351,0.378,0.62058526740666,0.6262729124236253,0.615,0.684189565909996,0.5684976836532097,0.859,0.52380097,0.5976111,0.17359833,0.43992716,0.08610576,0.55647624,0.13569546,0.49980903,0.12585752,828,679,982,1511,"[[590, 107, 109, 194], [102, 378, 228, 292], [78, 141, 615, 166], [58, 53, 30, 859]]",XGBoost (PCA),1.0
3,1,0.5915,0.5782194300787821,0.6020693300611936,0.5915,0.6232718894009217,0.7350543478260869,0.541,0.4058679706601467,0.5220125786163522,0.332,0.615536862939139,0.6092066601371204,0.622,0.6682009973149213,0.5420037336652147,0.871,0.5221463,0.5891027,0.16550252,0.43984687,0.084461085,0.5601252,0.13557036,0.4999223,0.12463366,736,636,1021,1607,"[[541, 113, 117, 229], [89, 332, 250, 329], [69, 131, 622, 178], [37, 60, 32, 871]]",XGBoost (PCA),1.0
5,1,0.5605,0.542787024862564,0.5795187558564844,0.5605,0.573729863692689,0.754071661237785,0.463,0.3561128526645768,0.4773109243697479,0.284,0.5954567423876269,0.5762394761459307,0.616,0.6458486407053637,0.5104529616724739,0.879,0.5208677,0.5744711,0.15499675,0.44008675,0.083745115,0.563644,0.13480495,0.5031118,0.12455624,614,595,1069,1722,"[[463, 118, 141, 278], [73, 284, 277, 366], [55, 130, 616, 199], [23, 63, 35, 879]]",XGBoost (PCA),1.0
7,1,0.5395,0.5169137625629229,0.568653303787767,0.5395,0.5242203052422031,0.7790927021696252,0.395,0.3271565495207668,0.4530973451327433,0.256,0.5827067669172933,0.549645390070922,0.62,0.6335714285714286,0.4927777777777777,0.887,0.51972884,0.5515924,0.13815689,0.43984163,0.08238546,0.56745684,0.1348771,0.5059201,0.12557063,507,565,1128,1800,"[[395, 134, 154, 317], [58, 256, 308, 378], [41, 121, 620, 218], [13, 54, 46, 887]]",XGBoost (PCA),1.0
9,1,0.522,0.4933269710939062,0.5534195765819356,0.522,0.4924137931034483,0.7933333333333333,0.357,0.2806324110671936,0.4111969111969112,0.213,0.5737556561085972,0.5239669421487604,0.634,0.6265060240963856,0.4851811196487376,0.884,0.51890785,0.5271557,0.12797606,0.44016197,0.08108945,0.568578,0.13551071,0.50627214,0.12606552,450,518,1210,1822,"[[357, 137, 179, 327], [53, 213, 340, 394], [32, 117, 634, 217], [8, 51, 57, 884]]",XGBoost (PCA),1.0
19,1,0.50125,0.461528326491385,0.5407501725685347,0.50125,0.4566473988439306,0.8229166666666666,0.316,0.2153179190751445,0.3880208333333333,0.149,0.5597075548334687,0.4712722298221614,0.689,0.6144404332129964,0.4807909604519774,0.851,0.5118485,0.4834386,0.10424765,0.42464495,0.071678415,0.56942904,0.1388609,0.48936996,0.123763874,384,384,1462,1770,"[[316, 105, 246, 333], [40, 149, 435, 376], [21, 80, 689, 210], [7, 50, 92, 851]]",XGBoost (PCA),1.0
0,3,0.61425,0.6042535088884372,0.6200598278997335,0.61425,0.6454445664105378,0.7153284671532847,0.588,0.4588796185935637,0.5678466076696165,0.385,0.6264940239043825,0.6240079365079365,0.629,0.6861958266452648,0.5730563002680965,0.855,0.5244503,0.5999276,0.17332432,0.44256663,0.0853681,0.5554135,0.13701905,0.49915814,0.1262208,822,678,1008,1492,"[[588, 103, 115, 194], [102, 385, 232, 281], [74, 135, 629, 162], [58, 55, 32, 855]]",XGBoost (PCA),1.0
1,3,0.6105,0.6000302024699777,0.6159681870248881,0.6105,0.6443835616438356,0.7127272727272728,0.588,0.4502680166765932,0.5567010309278351,0.378,0.6199596774193549,0.625,0.615,0.6855095541401274,0.5694444444444444,0.861,0.52364016,0.59915054,0.17277578,0.43909037,0.08644025,0.5555493,0.1358723,0.49964187,0.12586388,825,679,984,1512,"[[588, 107, 110, 195], [102, 378, 229, 291], [80, 140, 615, 165], [55, 54, 30, 861]]",XGBoost (PCA),1.0
3,3,0.592,0.5787364784056401,0.6023466768001874,0.592,0.6221966647498562,0.7320703653585927,0.541,0.4080635308491142,0.5243328100470958,0.334,0.6154608523290387,0.6100196463654224,0.621,0.6692248656945511,0.5429638854296388,0.872,0.5222223,0.588701,0.16604824,0.44062045,0.0843239,0.56023955,0.13579088,0.4999004,0.12480613,739,637,1018,1606,"[[541, 112, 117, 230], [92, 334, 247, 327], [70, 132, 621, 177], [36, 59, 33, 872]]",XGBoost (PCA),1.0
5,3,0.56025,0.542632583267961,0.5792322514656492,0.56025,0.5749690210656754,0.755700325732899,0.464,0.3544145272385723,0.474036850921273,0.283,0.5960328979196904,0.5773195876288659,0.616,0.6451138868479059,0.5098722415795587,0.878,0.5208501,0.5749163,0.15514767,0.43964046,0.08350966,0.5640073,0.13425405,0.5029855,0.12480166,614,597,1067,1722,"[[464, 121, 137, 278], [73, 283, 278, 366], [54, 130, 616, 200], [23, 63, 36, 878]]",XGBoost (PCA),1.0
7,3,0.53975,0.5171930641767176,0.5688015091723728,0.53975,0.5255474452554745,0.7810650887573964,0.396,0.3265306122448979,0.4507042253521127,0.256,0.5819209039548022,0.5498220640569395,0.618,0.6347732952516958,0.4936146585230427,0.889,0.51952064,0.55189747,0.13834313,0.43937302,0.0821623,0.56773406,0.13471201,0.50559336,0.12554637,507,568,1124,1801,"[[396, 135, 153, 316], [58, 256, 307, 379], [41, 124, 618, 217], [12, 53, 46, 889]]",XGBoost (PCA),1.0
9,3,0.52175,0.4929682715362045,0.5525637967705203,0.52175,0.4920744314266023,0.7915742793791575,0.357,0.2793148880105401,0.4092664092664093,0.212,0.5737556561085972,0.5239669421487604,0.634,0.6267281105990783,0.485447556287754,0.884,0.5188234,0.5275599,0.12792161,0.44040918,0.08136108,0.56821024,0.13561493,0.5061492,0.12594245,451,518,1210,1821,"[[357, 138, 179, 326], [53, 212, 340, 395], [33, 117, 634, 216], [8, 51, 57, 884]]",XGBoost (PCA),1.0
19,3,0.5015,0.4619644399845198,0.5407442993807563,0.5015,0.4566473988439306,0.8229166666666666,0.316,0.2161383285302593,0.3865979381443299,0.15,0.5610749185667753,0.4732142857142857,0.689,0.613997113997114,0.4802483069977427,0.851,0.5117735,0.48428214,0.104169175,0.42408457,0.072417855,0.5698347,0.13838303,0.4892244,0.123547725,384,388,1456,1772,"[[316, 108, 243, 333], [41, 150, 432, 377], [20, 80, 689, 211], [7, 50, 92, 851]]",XGBoost (PCA),1.0
0,5,0.614,0.6040088689122555,0.6199851211007165,0.614,0.6454794520547945,0.713939393939394,0.589,0.4599761051373954,0.5712166172106825,0.385,0.6251866600298656,0.622398414271556,0.628,0.6853932584269663,0.5723860589812333,0.854,0.5244485,0.5994288,0.1732503,0.44285288,0.08515493,0.5547908,0.1371214,0.4993287,0.12623972,825,674,1009,1492,"[[589, 101, 115, 195], [102, 385, 232, 281], [75, 135, 628, 162], [59, 53, 34, 854]]",XGBoost (PCA),1.0
1,5,0.611,0.6005051769824237,0.6167664046652017,0.611,0.6444201312910285,0.711352657004831,0.589,0.4525373134328358,0.5614814814814815,0.379,0.6195761856710393,0.6252545824847251,0.614,0.6854870775347912,0.568976897689769,0.862,0.52347034,0.59860545,0.17279996,0.43927896,0.0867896,0.55539995,0.13566016,0.4992211,0.12596571,828,675,982,1515,"[[589, 104, 110, 197], [104, 379, 228, 289], [80, 139, 614, 167], [55, 53, 30, 862]]",XGBoost (PCA),1.0
3,5,0.59175,0.5783828347269596,0.6019455684918209,0.59175,0.6234213547646383,0.7318059299191375,0.543,0.4056372549019608,0.5237341772151899,0.331,0.6165264720435428,0.6101860920666013,0.623,0.6679462571976967,0.5420560747663551,0.87,0.52220297,0.5884531,0.16602099,0.44016,0.08478784,0.5595967,0.13566855,0.50009346,0.12462213,742,632,1021,1605,"[[543, 110, 118, 229], [92, 331, 248, 329], [70, 130, 623, 177], [37, 61, 32, 870]]",XGBoost (PCA),1.0
5,5,0.5615,0.5438380934166915,0.5802720895020773,0.5615,0.5753254804711717,0.7569331158238173,0.464,0.355,0.4733333333333333,0.284,0.5979680696661829,0.5791940018744143,0.618,0.6470588235294118,0.5116279069767442,0.88,0.520884,0.57625264,0.1545399,0.43902048,0.08368689,0.5637574,0.13450924,0.50311136,0.12488318,613,600,1067,1720,"[[464, 123, 134, 279], [73, 284, 279, 364], [53, 132, 618, 197], [23, 61, 36, 880]]",XGBoost (PCA),1.0
7,5,0.54075,0.5182121426722996,0.5699338782621419,0.54075,0.528476821192053,0.7823529411764706,0.399,0.3262955854126679,0.452930728241563,0.255,0.5835294117647059,0.5511111111111111,0.62,0.6345467523197716,0.4933407325194228,0.889,0.5194193,0.55106175,0.13882534,0.4402916,0.08222501,0.5672436,0.13451263,0.5053289,0.12550543,510,563,1125,1802,"[[399, 133, 153, 315], [58, 255, 306, 381], [41, 122, 620, 217], [12, 53, 46, 889]]",XGBoost (PCA),1.0
9,5,0.5225,0.4939086619036502,0.553539899280882,0.5225,0.4944903581267217,0.7942477876106194,0.359,0.2804476629361422,0.4104046242774566,0.213,0.5725915875169606,0.5227085053674649,0.633,0.6281050390347764,0.4867986798679868,0.885,0.51884604,0.52772564,0.12770997,0.4410268,0.08152959,0.5676846,0.13575356,0.5063218,0.12577881,452,519,1211,1818,"[[359, 136, 181, 324], [53, 213, 340, 394], [33, 119, 633, 215], [7, 51, 57, 885]]",XGBoost (PCA),1.0
19,5,0.50175,0.4623522778916152,0.5402660228310845,0.50175,0.4563176895306859,0.8207792207792208,0.316,0.2169540229885057,0.3852040816326531,0.151,0.5618619844834626,0.4748102139406487,0.688,0.6142754145638067,0.4802705749718151,0.852,0.5116262,0.48427132,0.10479496,0.42432988,0.07232617,0.5704023,0.13800544,0.48884434,0.12336371,385,392,1449,1774,"[[316, 110, 241, 333], [41, 151, 430, 378], [21, 80, 688, 211], [7, 51, 90, 852]]",XGBoost (PCA),1.0
0,10,0.6145,0.6040760885258611,0.6198460729820965,0.6145,0.6459694989106753,0.7093301435406698,0.593,0.4580335731414868,0.5718562874251497,0.382,0.624,0.624,0.624,0.688301282051282,0.5741978609625669,0.859,0.5235917,0.5973486,0.17320007,0.44284496,0.0843016,0.55469763,0.13656439,0.49763724,0.12599042,836,668,1000,1496,"[[593, 101, 111, 195], [105, 382, 232, 281], [80, 135, 624, 161], [58, 50, 33, 859]]",XGBoost (PCA),1.0
1,10,0.61025,0.5996667051902523,0.6164115563658543,0.61025,0.6437158469945355,0.7096385542168675,0.589,0.4524236983842011,0.563338301043219,0.378,0.618421052631579,0.6260245901639344,0.611,0.6841062227506937,0.5666447800393959,0.863,0.52316344,0.599007,0.17212078,0.44008094,0.085543916,0.5550902,0.13543604,0.49797475,0.12639438,830,671,976,1523,"[[589, 102, 108, 201], [104, 378, 227, 291], [81, 140, 611, 168], [56, 51, 30, 863]]",XGBoost (PCA),1.0
3,10,0.592,0.578830472398622,0.6016431561906168,0.592,0.6216370921579851,0.7269076305220884,0.543,0.4085365853658536,0.5234375,0.335,0.6159203980099502,0.6128712871287129,0.619,0.6692278140606992,0.5433562071116657,0.871,0.52221215,0.58845377,0.16631363,0.43994865,0.0846718,0.5604911,0.13557729,0.50006884,0.12486107,747,640,1010,1603,"[[543, 114, 115, 228], [95, 335, 244, 326], [72, 131, 619, 178], [37, 60, 32, 871]]",XGBoost (PCA),1.0
5,10,0.562,0.5446830341926339,0.5803996083216102,0.562,0.5723114956736712,0.7491909385113269,0.463,0.3605739238927012,0.4792703150912106,0.289,0.5998062015503876,0.581766917293233,0.619,0.6460405156537753,0.5113702623906705,0.877,0.5207716,0.57718843,0.15442708,0.43841356,0.08417839,0.5632496,0.13445604,0.50304556,0.124739364,618,603,1064,1715,"[[463, 126, 133, 278], [75, 289, 274, 362], [55, 128, 619, 198], [25, 60, 38, 877]]",XGBoost (PCA),1.0
7,10,0.544,0.5221266163696884,0.5721137977363695,0.544,0.5361366622864652,0.7816091954022989,0.408,0.3303571428571428,0.4559859154929577,0.259,0.5846736045411542,0.5547576301615799,0.618,0.6373390557939914,0.4961024498886414,0.891,0.5191484,0.5483362,0.13946113,0.43989605,0.08221235,0.56830204,0.13341606,0.505241,0.12558465,522,568,1114,1796,"[[408, 133, 150, 309], [59, 259, 304, 378], [41, 123, 618, 218], [14, 53, 42, 891]]",XGBoost (PCA),1.0
9,10,0.52425,0.4960699664305901,0.5555652894245678,0.52425,0.4941500344115623,0.7924944812362031,0.359,0.2862770847012475,0.4168260038240918,0.218,0.5755656108597285,0.5256198347107438,0.636,0.6282871357498223,0.4873208379272326,0.884,0.5185691,0.52760005,0.12820232,0.44134587,0.08147002,0.56675583,0.1355553,0.5064362,0.12565503,453,523,1210,1814,"[[359, 135, 181, 325], [54, 218, 337, 391], [33, 117, 636, 214], [7, 53, 56, 884]]",XGBoost (PCA),1.0
19,10,0.502,0.4632730999009571,0.5408398678448562,0.502,0.4607631389488841,0.8226221079691517,0.32,0.2182340272792534,0.3867684478371501,0.152,0.5600981193785772,0.4737206085753803,0.685,0.613997113997114,0.4802483069977427,0.851,0.5113957,0.48527655,0.10478535,0.4246236,0.07303251,0.5695527,0.13808258,0.48891646,0.12322783,389,393,1446,1772,"[[320, 109, 242, 329], [40, 152, 429, 379], [22, 80, 685, 213], [7, 52, 90, 851]]",XGBoost (PCA),1.0
0,20,0.6085,0.5979698621650713,0.6128647579967118,0.6085,0.6438136047134441,0.6931949250288351,0.601,0.4518072289156626,0.5681818181818182,0.375,0.6151515151515151,0.6214285714285714,0.609,0.681107099879663,0.5686537173476223,0.849,0.5222909,0.59921515,0.17495766,0.43649015,0.08098853,0.55226016,0.13449365,0.4958778,0.1248001,867,660,980,1493,"[[601, 97, 107, 195], [112, 375, 232, 281], [89, 134, 609, 168], [65, 54, 32, 849]]",XGBoost (PCA),1.0
1,20,0.60525,0.5941022531772744,0.6095148957116356,0.60525,0.6427423674343867,0.6920415224913494,0.6,0.4422960725075529,0.5587786259541985,0.366,0.611704834605598,0.6227979274611399,0.601,0.6796657381615598,0.5644415069398546,0.854,0.52238536,0.5994169,0.17422508,0.4356164,0.08185323,0.5511247,0.13480294,0.49747726,0.12486832,867,655,965,1513,"[[600, 99, 103, 198], [114, 366, 228, 292], [90, 140, 601, 169], [63, 50, 33, 854]]",XGBoost (PCA),1.0
3,20,0.58925,0.575943585093617,0.5983524151634199,0.58925,0.6246482836240855,0.7142857142857143,0.555,0.4083898827884022,0.533011272141707,0.331,0.6056056056056056,0.6062124248496994,0.605,0.6651305683563749,0.5399002493765586,0.866,0.5211897,0.5900471,0.16838874,0.43834084,0.08236627,0.5571396,0.13410044,0.49754184,0.12476801,777,621,998,1604,"[[555, 102, 118, 225], [97, 331, 244, 328], [81, 129, 605, 185], [44, 59, 31, 866]]",XGBoost (PCA),1.0
5,20,0.5615,0.5436069378226971,0.5778556380028013,0.5615,0.5811965811965812,0.7460815047021944,0.476,0.3517587939698492,0.4729729729729729,0.28,0.5926650366748166,0.5799043062200957,0.606,0.6488073394495413,0.5124637681159421,0.884,0.5192102,0.5795188,0.15491524,0.43575576,0.082179956,0.56080407,0.13318557,0.500348,0.12528513,638,592,1045,1725,"[[476, 122, 130, 272], [79, 280, 275, 366], [60, 131, 606, 203], [23, 59, 34, 884]]",XGBoost (PCA),1.0
7,20,0.54275,0.5204773208387747,0.5680391227946294,0.54275,0.5438027255029202,0.7744916820702403,0.419,0.3221649484536082,0.4528985507246377,0.25,0.5772319319792159,0.5470008952551477,0.611,0.6387096774193548,0.4977653631284916,0.891,0.51788294,0.5510765,0.1391937,0.43803906,0.080519274,0.56327283,0.13339894,0.5041486,0.12575048,541,552,1117,1790,"[[419, 123, 153, 305], [64, 250, 308, 378], [44, 129, 611, 216], [14, 50, 45, 891]]",XGBoost (PCA),1.0
9,20,0.5255,0.4981806698728675,0.5542809100624205,0.5255,0.5033921302578019,0.7827004219409283,0.371,0.2870309414088215,0.420038535645472,0.218,0.574806730331969,0.5271059216013344,0.632,0.6274928774928775,0.4872787610619469,0.881,0.5168665,0.5272339,0.12905902,0.4377973,0.07888254,0.56345093,0.1349958,0.5059529,0.12532742,474,519,1199,1808,"[[371, 133, 174, 322], [58, 218, 334, 390], [36, 117, 632, 215], [9, 51, 59, 881]]",XGBoost (PCA),1.0
19,20,0.50375,0.4658150259360179,0.5407711425567561,0.50375,0.4667143879742305,0.8211586901763224,0.326,0.2198429693076374,0.3840399002493765,0.154,0.5597045547804678,0.4745998608211552,0.682,0.616998191681736,0.48328611898017,0.853,0.5096988,0.48904458,0.1062571,0.42145193,0.07178366,0.56597906,0.13729963,0.4885724,0.12285978,397,401,1437,1765,"[[326, 107, 244, 323], [41, 154, 427, 378], [22, 85, 682, 211], [8, 55, 84, 853]]",XGBoost (PCA),1.0
0,30,0.5915,0.5771859547126708,0.5914395169564782,0.5915,0.6368159203980099,0.6336633663366337,0.64,0.4055590650663297,0.5506003430531733,0.321,0.5978204462895693,0.6213592233009708,0.576,0.6685483870967742,0.5601351351351351,0.829,0.5197406,0.59506524,0.17714433,0.42538062,0.07688312,0.544553,0.13150445,0.48996562,0.123489425,1010,583,927,1480,"[[640, 80, 92, 188], [156, 321, 232, 291], [121, 131, 576, 172], [93, 51, 27, 829]]",XGBoost (PCA),1.0
1,30,0.59125,0.5763366266381764,0.5914441332193981,0.59125,0.6376376376376376,0.6382765531062125,0.637,0.4005069708491762,0.5467128027681661,0.316,0.5976054138469548,0.6232356134636265,0.574,0.6695964842189372,0.5575515635395875,0.838,0.5197615,0.5962976,0.17614782,0.42547455,0.0772235,0.54299814,0.13184334,0.4909616,0.12396248,998,578,921,1503,"[[637, 78, 92, 193], [151, 316, 232, 301], [121, 134, 574, 171], [89, 50, 23, 838]]",XGBoost (PCA),1.0
3,30,0.57775,0.5611995965512947,0.5785940036106133,0.57775,0.6248021108179419,0.6614525139664804,0.592,0.3696622052262587,0.5096660808435852,0.29,0.5898617511520737,0.6044071353620147,0.576,0.6604723190089044,0.5388502842703727,0.853,0.51744753,0.5849187,0.1715352,0.42332873,0.07857135,0.55035573,0.12963071,0.49331945,0.12330927,895,569,953,1583,"[[592, 94, 98, 216], [128, 290, 252, 330], [109, 131, 576, 184], [66, 54, 27, 853]]",XGBoost (PCA),1.0
5,30,0.56125,0.5423964772423197,0.5703034170169881,0.56125,0.5942528735632184,0.6986486486486486,0.517,0.3441138421733505,0.4871794871794871,0.266,0.584247258225324,0.5825049701789264,0.586,0.6469719350073855,0.5128805620608899,0.876,0.5156245,0.57419425,0.15967639,0.42655933,0.07634211,0.55364114,0.13070594,0.49632892,0.1245555,740,546,1006,1708,"[[517, 100, 121, 262], [103, 266, 266, 365], [84, 125, 586, 205], [36, 55, 33, 876]]",XGBoost (PCA),1.0
7,30,0.54425,0.5217730322003199,0.5615806599957894,0.54425,0.5592592592592592,0.7306451612903225,0.453,0.3181518151815181,0.4679611650485437,0.241,0.5712914066250601,0.5493998153277931,0.595,0.6383896477354422,0.4983164983164983,0.888,0.5135412,0.55085963,0.14278528,0.42656326,0.07709437,0.55496836,0.13063452,0.50051683,0.1251084,620,515,1083,1782,"[[453, 106, 145, 296], [80, 241, 300, 379], [66, 120, 595, 219], [21, 48, 43, 888]]",XGBoost (PCA),1.0
9,30,0.53075,0.503381092792598,0.5507788485399635,0.53075,0.5299806576402321,0.7459165154264973,0.411,0.2806779661016949,0.4357894736842105,0.207,0.5727482678983834,0.5321888412017167,0.62,0.6301174795300819,0.4892205638474295,0.885,0.5121857,0.5298638,0.12932256,0.4271491,0.0760154,0.5562898,0.13148971,0.50072646,0.12559697,551,475,1165,1809,"[[411, 109, 168, 312], [75, 207, 326, 392], [49, 111, 620, 220], [16, 48, 51, 885]]",XGBoost (PCA),1.0
19,30,0.51,0.473974422061892,0.5367090160281494,0.51,0.5075034106412005,0.7982832618025751,0.372,0.2115942028985507,0.3842105263157894,0.146,0.5574592561638111,0.4788226848528356,0.667,0.6193408185440058,0.4855195911413969,0.855,0.504569,0.49147478,0.11040059,0.41396564,0.06818737,0.5566864,0.1338139,0.48635858,0.122621074,466,380,1393,1761,"[[372, 92, 220, 316], [52, 146, 423, 379], [32, 90, 667, 211], [10, 52, 83, 855]]",XGBoost (PCA),1.0
0,0,0.59425,0.5379009930992785,0.539783743273882,0.59425,0.7002967359050445,0.6077998528329654,0.826,0.112863070539419,0.3317073170731707,0.068,0.5665620797848498,0.5134037367993501,0.632,0.7718820861678004,0.7062240663900415,0.851,0.63603115,0.66489416,0.18673544,0.49952447,0.15130872,0.621485,0.1445648,0.6415625,0.16271089,1359,205,1231,1205,"[[826, 13, 117, 44], [272, 68, 443, 217], [219, 56, 632, 93], [42, 68, 39, 851]]",CNN,1.0
1,0,0.56775,0.4972818266920356,0.5174146246515074,0.56775,0.6473394495412844,0.5113043478260869,0.882,0.071301247771836,0.3278688524590163,0.04,0.513380666302567,0.5655836341756919,0.47,0.7571059431524548,0.6649016641452344,0.879,0.66133666,0.6929528,0.1911414,0.5255951,0.17010976,0.61658096,0.12707932,0.6607426,0.15265425,1725,122,831,1322,"[[882, 9, 58, 51], [409, 40, 290, 261], [372, 27, 470, 131], [62, 46, 13, 879]]",CNN,1.0
3,0,0.5115,0.455574046715446,0.4689368918844526,0.5115,0.603060306030603,0.5482815057283142,0.67,0.0988654781199351,0.2606837606837607,0.061,0.4823597455176402,0.5720164609053497,0.417,0.6380106571936057,0.4947658402203856,0.898,0.62796867,0.6451225,0.18914375,0.5724777,0.15256718,0.5748435,0.119168535,0.6449115,0.1418333,1222,234,729,1815,"[[670, 60, 45, 225], [260, 61, 260, 419], [275, 35, 417, 273], [17, 78, 7, 898]]",CNN,1.0
5,0,0.41625,0.4016532714741617,0.4480479016767649,0.41625,0.4048582995951417,0.6224066390041494,0.3,0.1935129191863661,0.2148962148962149,0.176,0.4960718294051627,0.5652173913043478,0.442,0.512170037709976,0.3896713615023474,0.747,0.60772926,0.5390469,0.14254147,0.663768,0.16444714,0.5746966,0.12583314,0.61453193,0.12768227,482,819,782,1917,"[[300, 301, 59, 340], [81, 176, 270, 473], [100, 101, 442, 357], [1, 241, 11, 747]]",CNN,1.0
7,0,0.36275,0.3601731866331789,0.4312214409623224,0.36275,0.2761830876648565,0.615916955017301,0.178,0.2324414715719063,0.1997126436781609,0.278,0.5021691973969631,0.5485781990521327,0.463,0.4298989898989899,0.3606779661016949,0.532,0.61773944,0.507047,0.13476188,0.70107293,0.17350896,0.5883706,0.12770836,0.5775883,0.11876307,289,1392,844,1475,"[[178, 486, 72, 264], [46, 278, 296, 380], [64, 174, 463, 299], [1, 454, 13, 532]]",CNN,1.0
9,0,0.3425,0.3424578447417064,0.4254848586028826,0.3425,0.2387096774193548,0.6166666666666667,0.148,0.2548736462093863,0.1994350282485875,0.353,0.5093555093555093,0.5303030303030303,0.49,0.366892545982575,0.3555347091932457,0.379,0.6297938,0.5155617,0.13485269,0.7150581,0.18194073,0.5965679,0.13100608,0.5427384,0.1096137,240,1770,924,1066,"[[148, 577, 96, 179], [38, 353, 321, 288], [53, 237, 490, 220], [1, 603, 17, 379]]",CNN,1.0
19,0,0.33275,0.3181371790419093,0.425207498103201,0.33275,0.2522088353413654,0.6408163265306123,0.157,0.2921068986948415,0.21190261496844,0.47,0.5266604303086997,0.4947275922671353,0.563,0.2015725518227305,0.3533834586466165,0.141,0.66445786,0.5273515,0.14067821,0.74555457,0.1940239,0.6094559,0.14483269,0.4547105,0.08441129,245,2218,1138,399,"[[157, 626, 148, 69], [37, 470, 386, 107], [49, 306, 563, 82], [2, 816, 41, 141]]",CNN,1.0
0,1,0.59575,0.5411132012677565,0.541719447945149,0.59575,0.7057800956106041,0.6241352805534205,0.812,0.1182266009852216,0.3302752293577982,0.072,0.5707984119982356,0.510655090765588,0.647,0.7696476964769647,0.7018121911037891,0.852,0.6368487,0.66485673,0.18543714,0.4987725,0.15158093,0.62625396,0.14729905,0.6426854,0.16411114,1301,218,1267,1214,"[[812, 14, 125, 49], [249, 72, 456, 223], [204, 59, 647, 90], [36, 73, 39, 852]]",CNN,1.0
1,1,0.5745,0.5057550848131829,0.5246612130456716,0.5745,0.6598639455782312,0.5303766707168894,0.873,0.0812003530450132,0.3458646616541353,0.046,0.5282215122470714,0.5649202733485194,0.496,0.7537345283824157,0.6574832464631423,0.883,0.66090405,0.68944424,0.19198062,0.52375007,0.17056218,0.6237976,0.13201274,0.6637659,0.15489736,1646,133,878,1343,"[[873, 10, 61, 56], [379, 46, 308, 267], [338, 29, 496, 137], [56, 48, 13, 883]]",CNN,1.0
3,1,0.509,0.4588288437789216,0.4737519158667294,0.509,0.6041767848470131,0.5873465533522191,0.622,0.110759493670886,0.2651515151515151,0.07,0.4988789237668161,0.5676020408163265,0.445,0.6215001728309714,0.4749075541468568,0.899,0.6337894,0.64408433,0.18627271,0.5755389,0.15722698,0.5924472,0.12737589,0.6532761,0.14692655,1059,264,784,1893,"[[622, 70, 59, 249], [209, 70, 271, 450], [217, 43, 445, 295], [11, 81, 9, 899]]",CNN,1.0
5,1,0.401,0.382297716439988,0.456233216154171,0.401,0.3290371493555724,0.6802507836990596,0.217,0.1932418162618796,0.2046979865771812,0.183,0.5052283984589984,0.5618115055079559,0.459,0.5016835016835017,0.3781725888324873,0.745,0.62387794,0.52894455,0.1397856,0.6690503,0.1702933,0.5973856,0.13518153,0.62973785,0.1331986,319,894,817,1970,"[[217, 349, 63, 371], [42, 183, 286, 489], [59, 117, 459, 365], [1, 245, 9, 745]]",CNN,1.0
7,1,0.349,0.3334143742265286,0.4356948430139486,0.349,0.1641921397379912,0.6482758620689655,0.094,0.2340080971659919,0.1965986394557823,0.289,0.5079702444208289,0.5419501133786848,0.478,0.4274870155813024,0.3559547571523619,0.535,0.6377511,0.5069451,0.13355505,0.7057031,0.17677002,0.61258507,0.13838801,0.59867835,0.12298608,145,1470,882,1503,"[[94, 537, 85, 284], [23, 289, 306, 382], [28, 192, 478, 302], [0, 452, 13, 535]]",CNN,1.0
9,1,0.33625,0.3253802567573399,0.4354883099739602,0.33625,0.1552028218694885,0.6567164179104478,0.088,0.2576991150442478,0.1994520547945205,0.364,0.5224489795918368,0.5333333333333333,0.512,0.3661701105237866,0.3524514338575393,0.381,0.6504796,0.4969201,0.12967147,0.724436,0.1804001,0.62595916,0.139528,0.56643355,0.11376521,134,1825,960,1081,"[[88, 605, 106, 201], [22, 364, 325, 289], [24, 254, 512, 210], [0, 602, 17, 381]]",CNN,1.0
19,1,0.326,0.302733953385493,0.4384448236953768,0.326,0.1934369602763385,0.7088607594936709,0.112,0.2910539215686274,0.2098056537102473,0.475,0.5324794144556267,0.490725126475548,0.582,0.1939655172413793,0.3443877551020408,0.135,0.68858486,0.5085762,0.13364959,0.75827146,0.18997818,0.65008163,0.14936495,0.4751554,0.09258115,158,2264,1186,392,"[[112, 652, 157, 79], [24, 475, 401, 100], [21, 319, 582, 78], [1, 818, 46, 135]]",CNN,1.0
0,3,0.57425,0.5422544337459859,0.5486532149223149,0.57425,0.7102330293819655,0.7197125256673511,0.701,0.161925601750547,0.2991913746630728,0.111,0.5647688192586932,0.4570191713048855,0.739,0.732090284592738,0.7186897880539499,0.746,0.6292581,0.6572203,0.16968144,0.5147561,0.14409289,0.64529735,0.15778981,0.6189593,0.16492067,974,371,1617,1038,"[[701, 22, 228, 49], [148, 111, 565, 176], [110, 84, 739, 67], [15, 154, 85, 746]]",CNN,1.0
1,3,0.58625,0.5354531960971594,0.5317020488279127,0.58625,0.7021569527306104,0.648854961832061,0.765,0.1245011971268954,0.308300395256917,0.078,0.5641699518177836,0.5019485580670304,0.644,0.750984682713348,0.667704280155642,0.858,0.644981,0.6766533,0.18487933,0.52933884,0.15477458,0.6388214,0.1560361,0.64483994,0.1605578,1179,253,1283,1285,"[[765, 23, 140, 72], [214, 78, 463, 245], [180, 66, 644, 110], [20, 86, 36, 858]]",CNN,1.0
3,3,0.48625,0.4568712100966005,0.4828894169457069,0.48625,0.5352286773794809,0.7006472491909385,0.433,0.1640419947506561,0.2385496183206107,0.125,0.5264750378214826,0.5310274669379451,0.522,0.6017391304347826,0.4613333333333333,0.865,0.639789,0.6057112,0.18031155,0.5842113,0.1639475,0.6455817,0.14955138,0.6635162,0.150621,618,524,983,1875,"[[433, 152, 110, 305], [90, 125, 339, 446], [92, 127, 522, 259], [3, 120, 12, 865]]",CNN,1.0
5,3,0.37125,0.3266232312968129,0.502027011327313,0.37125,0.069164265129683,0.8780487804878049,0.036,0.2116257947320617,0.1938435940099833,0.233,0.5209643605870021,0.5473568281938326,0.497,0.5047385047385048,0.3888588426176311,0.719,0.6693378,0.5234805,0.12779067,0.69201815,0.17736694,0.6674659,0.14670381,0.6587473,0.13232276,41,1202,908,1849,"[[36, 495, 97, 372], [2, 233, 304, 461], [3, 203, 497, 297], [0, 271, 10, 719]]",CNN,1.0
7,3,0.3375,0.3021217574037139,0.5259244759220381,0.3375,0.0119284294234592,1.0,0.006,0.2480505012996658,0.1972829297105729,0.334,0.5248081841432225,0.53717277486911,0.513,0.4236999147485081,0.3692421991084695,0.497,0.68751,0.4195932,0.076574214,0.72769815,0.1719,0.6874167,0.1478143,0.63822186,0.12234777,6,1693,955,1346,"[[6, 614, 109, 271], [0, 334, 319, 347], [0, 256, 513, 231], [0, 489, 14, 497]]",CNN,1.0
9,3,0.3255,0.2919661986551465,0.523504537063305,0.3255,0.0059820538384845,1.0,0.003,0.2726063829787234,0.2041832669322709,0.41,0.5297029702970297,0.5245098039215687,0.535,0.3595733875063484,0.3653250773993808,0.354,0.70270544,0.3993689,0.011364926,0.74777913,0.16935597,0.7113115,0.14254546,0.60118216,0.119527824,3,2008,1020,969,"[[3, 675, 126, 196], [0, 410, 341, 249], [0, 295, 535, 170], [0, 628, 18, 354]]",CNN,1.0
19,3,0.303,0.2442170038227933,0.4965532606079758,0.303,0.0178394449950445,1.0,0.009,0.2918632075471698,0.2069397993311036,0.495,0.5362505362505362,0.4695717505634861,0.625,0.1309148264984227,0.3097014925373134,0.083,0.75289726,0.44592154,0.08061112,0.78937405,0.16960849,0.734334,0.1589668,0.5298303,0.09844846,9,2392,1331,268,"[[9, 711, 205, 75], [0, 495, 439, 66], [0, 331, 625, 44], [0, 855, 62, 83]]",CNN,1.0
0,5,0.492,0.4807501892773153,0.5358949222722568,0.492,0.6608594657375145,0.7880886426592798,0.569,0.1798029556650246,0.2339743589743589,0.146,0.5323693723299375,0.3964757709251101,0.81,0.5499689633767846,0.7250409165302782,0.443,0.62253946,0.6236889,0.15394373,0.5407461,0.13966163,0.65658414,0.16289634,0.59088016,0.17107677,722,624,2043,611,"[[569, 34, 370, 27], [88, 146, 666, 100], [62, 87, 810, 41], [3, 357, 197, 443]]",CNN,1.0
1,5,0.53325,0.516275924152613,0.5334502396886518,0.53325,0.6833514689880305,0.7494033412887828,0.628,0.1829896907216494,0.2572463768115942,0.142,0.5562865497076024,0.4383640552995391,0.761,0.6424759871931697,0.6887871853546911,0.602,0.6249976,0.64146346,0.16901034,0.54001033,0.14857088,0.6567379,0.16434488,0.5998414,0.16657168,838,552,1736,874,"[[628, 43, 265, 64], [121, 142, 592, 145], [86, 90, 761, 63], [3, 277, 118, 602]]",CNN,1.0
3,5,0.45125,0.4353294168504652,0.5132703131080614,0.45125,0.3657587548638132,0.8245614035087719,0.235,0.2392996108949416,0.2329545454545454,0.246,0.5550699300699301,0.4930124223602484,0.635,0.5811893715731759,0.5025528811086798,0.689,0.6349436,0.5584984,0.16280812,0.61006844,0.16288282,0.6758048,0.1671534,0.6316071,0.14539194,285,1056,1288,1371,"[[235, 334, 187, 244], [26, 246, 439, 289], [24, 192, 635, 149], [0, 284, 27, 689]]",CNN,1.0
5,5,0.35825,0.3177564575017126,0.2901784954542639,0.35825,0.0,0.0,0.0,0.268176835951772,0.2112838226827864,0.367,0.5332681017612525,0.5220306513409961,0.545,0.469580892293826,0.4273995077932732,0.521,0.6887808,0.0,0.0,0.7164736,0.17385131,0.7171668,0.15096933,0.62500924,0.120409206,0,1737,1044,1219,"[[0, 626, 134, 240], [0, 367, 345, 288], [0, 285, 545, 170], [0, 459, 20, 521]]",CNN,1.0
7,5,0.331,0.2954482309203904,0.2837348692890833,0.331,0.0,0.0,0.0,0.286624203821656,0.2102803738317757,0.45,0.5344406448461163,0.5224450811843362,0.547,0.3607280750137893,0.4022140221402214,0.327,0.7149468,0.0,0.0,0.74824464,0.16699061,0.7371185,0.14938746,0.598746,0.11657883,0,2140,1047,813,"[[0, 702, 135, 163], [0, 450, 343, 207], [0, 337, 547, 116], [0, 651, 22, 327]]",CNN,1.0
9,5,0.31075,0.2684286905820101,0.271100076129023,0.31075,0.0,0.0,0.0,0.2942216981132075,0.2086120401337792,0.499,0.5293276108726752,0.5059252506836828,0.555,0.2501654533421575,0.3698630136986301,0.189,0.7399491,0.0,0.0,0.76858974,0.16284226,0.7557078,0.14735644,0.5720513,0.11556171,0,2392,1097,511,"[[0, 744, 149, 107], [0, 499, 366, 135], [0, 365, 555, 80], [0, 784, 27, 189]]",CNN,1.0
19,5,0.2965,0.2216443655997495,0.2382757039355985,0.2965,0.0,0.0,0.0,0.2985327313769751,0.207940251572327,0.529,0.5338441890166028,0.4647887323943662,0.627,0.05420054200542,0.2803738317757009,0.03,0.80108607,0.0,0.0,0.82103467,0.15264885,0.7851405,0.14969684,0.5278255,0.09451625,0,2544,1349,107,"[[0, 756, 212, 32], [0, 529, 448, 23], [0, 351, 627, 22], [0, 908, 62, 30]]",CNN,1.0
0,10,0.3115,0.2319660292972235,0.5788969971576404,0.3115,0.2801358234295416,0.9269662921348316,0.165,0.1197982345523329,0.1621160409556314,0.095,0.4512282375387551,0.2962730974005637,0.946,0.0767018216682646,0.9302325581395348,0.04,0.67741823,0.5655941,0.10252596,0.5820471,0.12052974,0.70388824,0.1381591,0.4744786,0.11055189,178,586,3193,43,"[[165, 51, 784, 0], [6, 95, 897, 2], [7, 46, 946, 1], [0, 394, 566, 40]]",CNN,1.0
1,10,0.3275,0.2618966623141575,0.5419156037566885,0.3275,0.340113913751017,0.9126637554585152,0.209,0.1330998248686515,0.1598877980364656,0.114,0.4663654618473896,0.3113270777479893,0.929,0.1080074487895716,0.7837837837837838,0.058,0.66083133,0.5841725,0.12564212,0.58522356,0.122946605,0.68837297,0.14341763,0.5159544,0.115192145,229,713,2984,74,"[[209, 73, 718, 0], [13, 114, 859, 14], [7, 62, 929, 2], [0, 464, 478, 58]]",CNN,1.0
3,10,0.31275,0.2420654687578206,0.5381258054905198,0.31275,0.0275862068965517,0.9333333333333332,0.014,0.2451051486584481,0.19226393629124,0.338,0.5195567144719687,0.3853965183752418,0.797,0.176013805004314,0.6415094339622641,0.102,0.66128635,0.45004457,0.05481151,0.64163655,0.14443845,0.68815327,0.14531943,0.54903597,0.1309631,15,1758,2068,159,"[[14, 558, 407, 21], [0, 338, 637, 25], [1, 191, 797, 11], [0, 671, 227, 102]]",CNN,1.0
5,10,0.3055,0.2327781631023139,0.3241517705512755,0.3055,0.0,0.0,0.0,0.289871944121071,0.2044334975369458,0.498,0.5399515738498789,0.4526387009472259,0.669,0.1012891344383057,0.6395348837209303,0.055,0.72548324,0.0,0.0,0.7380061,0.1518535,0.71514374,0.13630955,0.5484603,0.091466434,0,2436,1478,86,"[[0, 789, 201, 10], [0, 498, 489, 13], [0, 323, 669, 8], [0, 826, 119, 55]]",CNN,1.0
7,10,0.299,0.21675930808061,0.3723732392569154,0.299,0.0,0.0,0.0,0.3011583011583011,0.2079207920792079,0.546,0.5402883799830365,0.4690721649484536,0.637,0.0255905511811023,0.8125,0.013,0.7621594,0.0,0.0,0.78067285,0.14705797,0.72951734,0.13307995,0.4941544,0.069086015,0,2626,1358,16,"[[0, 822, 177, 1], [0, 546, 452, 2], [0, 363, 637, 0], [0, 895, 92, 13]]",CNN,1.0
9,10,0.3005,0.2140027155654298,0.4212976134690052,0.3005,0.0,0.0,0.0,0.3049450549450549,0.2102272727272727,0.555,0.5470737913486005,0.4749631811487481,0.645,0.0039920159680638,1.0,0.002,0.7834886,0.0,0.0,0.80586547,0.14419147,0.7404348,0.1306144,0.47966617,0.053544775,0,2640,1358,2,"[[0, 820, 180, 0], [0, 555, 445, 0], [0, 355, 645, 0], [0, 910, 88, 2]]",CNN,1.0
19,10,0.29625,0.2080621451665499,0.1637551116978158,0.29625,0.0,0.0,0.0,0.2896315338474721,0.202718912435026,0.507,0.5426170468187275,0.4523015343562375,0.678,0.0,0.0,0.0,0.81440556,0.0,0.0,0.84434205,0.14312087,0.7644582,0.12864007,0.0,0.0,0,2501,1499,0,"[[0, 772, 228, 0], [0, 507, 493, 0], [0, 322, 678, 0], [0, 900, 100, 0]]",CNN,1.0
0,20,0.25,0.1000200040008001,0.0625156289072268,0.25,0.0,0.0,0.0,0.0,0.0,0.0,0.4000800160032006,0.2500625156289072,1.0,0.0,0.0,0.0,0.907421,0.0,0.0,0.49324843,0.0,0.9075246,0.05100069,0.0,0.0,0,1,3999,0,"[[0, 0, 1000, 0], [0, 0, 1000, 0], [0, 0, 1000, 0], [0, 1, 999, 0]]",CNN,1.0
1,20,0.25025,0.1005390180024105,0.1875312656328164,0.25025,0.0,0.0,0.0,0.0019960079840319,0.5,0.001,0.4001600640256102,0.2501250625312656,1.0,0.0,0.0,0.0,0.8986807,0.0,0.0,0.4861409,0.015355647,0.898887,0.056063697,0.0,0.0,0,2,3998,0,"[[0, 0, 1000, 0], [0, 1, 999, 0], [0, 0, 1000, 0], [0, 1, 999, 0]]",CNN,1.0
3,20,0.25075,0.1026287220843672,0.0880681818181818,0.25075,0.0,0.0,0.0,0.0076923076923076,0.1,0.004,0.4028225806451613,0.2522727272727272,0.999,0.0,0.0,0.0,0.8583786,0.0,0.0,0.5428575,0.06609227,0.86156565,0.09111547,0.0,0.0,0,40,3960,0,"[[0, 27, 973, 0], [0, 4, 996, 0], [0, 1, 999, 0], [0, 8, 992, 0]]",CNN,1.0
5,20,0.25425,0.1139850177080307,0.0942434952624454,0.25425,0.0,0.0,0.0,0.0410509031198686,0.1146788990825688,0.025,0.4148891677122543,0.2622950819672131,0.992,0.0,0.0,0.0,0.8330712,0.0,0.0,0.63483745,0.1076925,0.8444977,0.104773596,0.0,0.0,0,218,3782,0,"[[0, 154, 846, 0], [0, 25, 975, 0], [0, 8, 992, 0], [0, 31, 969, 0]]",CNN,1.0
7,20,0.25425,0.1166993375409318,0.0930922646594751,0.25425,0.0,0.0,0.0,0.0480247869868319,0.1065292096219931,0.031,0.4187725631768953,0.2658398490159072,0.986,0.0,0.0,0.0,0.8290064,0.0,0.0,0.65614724,0.11895843,0.84256846,0.108617075,0.0,0.0,0,291,3709,0,"[[0, 182, 818, 0], [0, 31, 969, 0], [0, 14, 986, 0], [0, 64, 936, 0]]",CNN,1.0
9,20,0.2545,0.1179186455186852,0.0938774608307749,0.2545,0.0,0.0,0.0,0.0517897943640517,0.108626198083067,0.034,0.4198847877106891,0.2668836452400325,0.984,0.0,0.0,0.0,0.83093727,0.0,0.0,0.66124564,0.12014771,0.84534293,0.10875442,0.0,0.0,0,313,3687,0,"[[0, 177, 823, 0], [0, 34, 966, 0], [0, 16, 984, 0], [0, 86, 914, 0]]",CNN,1.0
19,20,0.2545,0.1177091206853111,0.0951309030412702,0.2545,0.0,0.0,0.0,0.0524691358024691,0.1148648648648648,0.034,0.4183673469387755,0.265658747300216,0.984,0.0,0.0,0.0,0.8422452,0.0,0.0,0.6725485,0.119668625,0.85580635,0.10704945,0.0,0.0,0,296,3704,0,"[[0, 153, 847, 0], [0, 34, 966, 0], [0, 16, 984, 0], [0, 93, 907, 0]]",CNN,1.0
0,30,0.25,0.1,0.0625,0.25,0.0,0.0,0.0,0.0,0.0,0.0,0.4,0.25,1.0,0.0,0.0,0.0,0.9779933,0.0,0.0,0.0,0.0,0.9779933,0.012302803,0.0,0.0,0,0,4000,0,"[[0, 0, 1000, 0], [0, 0, 1000, 0], [0, 0, 1000, 0], [0, 0, 1000, 0]]",CNN,1.0
1,30,0.25,0.1,0.0625,0.25,0.0,0.0,0.0,0.0,0.0,0.0,0.4,0.25,1.0,0.0,0.0,0.0,0.9766227,0.0,0.0,0.0,0.0,0.9766227,0.012691293,0.0,0.0,0,0,4000,0,"[[0, 0, 1000, 0], [0, 0, 1000, 0], [0, 0, 1000, 0], [0, 0, 1000, 0]]",CNN,1.0
3,30,0.25,0.1,0.0625,0.25,0.0,0.0,0.0,0.0,0.0,0.0,0.4,0.25,1.0,0.0,0.0,0.0,0.9696454,0.0,0.0,0.0,0.0,0.9696454,0.017101783,0.0,0.0,0,0,4000,0,"[[0, 0, 1000, 0], [0, 0, 1000, 0], [0, 0, 1000, 0], [0, 0, 1000, 0]]",CNN,1.0
5,30,0.25,0.1,0.0625,0.25,0.0,0.0,0.0,0.0,0.0,0.0,0.4,0.25,1.0,0.0,0.0,0.0,0.96179783,0.0,0.0,0.0,0.0,0.96179783,0.029785924,0.0,0.0,0,0,4000,0,"[[0, 0, 1000, 0], [0, 0, 1000, 0], [0, 0, 1000, 0], [0, 0, 1000, 0]]",CNN,1.0
7,30,0.25,0.1000200040008001,0.0625156289072268,0.25,0.0,0.0,0.0,0.0,0.0,0.0,0.4000800160032006,0.2500625156289072,1.0,0.0,0.0,0.0,0.9583368,0.0,0.0,0.4971236,0.0,0.95845217,0.03681616,0.0,0.0,0,1,3999,0,"[[0, 1, 999, 0], [0, 0, 1000, 0], [0, 0, 1000, 0], [0, 0, 1000, 0]]",CNN,1.0
9,30,0.25,0.1000200040008001,0.0625156289072268,0.25,0.0,0.0,0.0,0.0,0.0,0.0,0.4000800160032006,0.2500625156289072,1.0,0.0,0.0,0.0,0.95733786,0.0,0.0,0.49938622,0.0,0.95745236,0.040115252,0.0,0.0,0,1,3999,0,"[[0, 1, 999, 0], [0, 0, 1000, 0], [0, 0, 1000, 0], [0, 0, 1000, 0]]",CNN,1.0
19,30,0.25025,0.1005390180024105,0.1875312656328164,0.25025,0.0,0.0,0.0,0.0019960079840319,0.5,0.001,0.4001600640256102,0.2501250625312656,1.0,0.0,0.0,0.0,0.95811987,0.0,0.0,0.58296216,0.021031648,0.95830745,0.042349603,0.0,0.0,0,2,3998,0,"[[0, 0, 1000, 0], [0, 1, 999, 0], [0, 0, 1000, 0], [0, 1, 999, 0]]",CNN,1.0
0,0,0.7065,0.702714001744926,0.703394173514276,0.7065,0.6635850025680534,0.6821541710665259,0.646,0.7360482654600302,0.7401415571284126,0.732,0.6134185303514377,0.6560364464692483,0.576,0.797804208600183,0.7352445193929174,0.872,0.72964334,0.73678625,0.17038727,0.7073004,0.17222163,0.69839174,0.18218514,0.76570725,0.17612804,947,989,878,1186,"[[646, 95, 166, 93], [64, 732, 93, 111], [203, 111, 576, 110], [34, 51, 43, 872]]",ResNet,1.0
1,0,0.7065,0.702714001744926,0.703394173514276,0.7065,0.6635850025680534,0.6821541710665259,0.646,0.7360482654600302,0.7401415571284126,0.732,0.6134185303514377,0.6560364464692483,0.576,0.797804208600183,0.7352445193929174,0.872,0.72964334,0.73678625,0.17038727,0.7073004,0.17222163,0.69839174,0.18218514,0.76570725,0.17612804,947,989,878,1186,"[[646, 95, 166, 93], [64, 732, 93, 111], [203, 111, 576, 110], [34, 51, 43, 872]]",ResNet,1.0
3,0,0.547,0.5250854629449095,0.694073714017516,0.547,0.5440729483282675,0.3908296943231441,0.895,0.4860724233983287,0.8004587155963303,0.349,0.3569721115537849,0.8784313725490196,0.224,0.7132243684992571,0.7065750736015701,0.72,0.6991098,0.72768307,0.17568082,0.6098385,0.14810942,0.5877579,0.1292309,0.7009588,0.1649567,2290,436,255,1019,"[[895, 26, 16, 63], [491, 349, 13, 147], [640, 47, 224, 89], [264, 14, 2, 720]]",ResNet,1.0
5,0,0.40925,0.3520480165585667,0.7167615778583374,0.40925,0.4647001934235977,0.3064413265306122,0.961,0.2534013605442177,0.8465909090909091,0.149,0.1183098591549295,0.9692307692307692,0.063,0.5717806531115218,0.7447833065810594,0.464,0.74448276,0.7747684,0.15819179,0.5823482,0.1297646,0.5587693,0.108416036,0.657213,0.14605808,3136,176,65,623,"[[961, 5, 2, 32], [782, 149, 0, 69], [862, 17, 63, 58], [531, 5, 0, 464]]",ResNet,1.0
7,0,0.3105,0.2103474875804444,0.7005679630342704,0.3105,0.4235294117647059,0.2693877551020408,0.99,0.0428015564202334,0.7857142857142857,0.022,0.0620155038759689,1.0,0.032,0.3130434782608696,0.7471698113207547,0.198,0.8108152,0.82757914,0.13529003,0.5766339,0.10846475,0.5412828,0.117183276,0.63562566,0.13130622,3675,28,32,265,"[[990, 0, 0, 10], [953, 22, 0, 25], [932, 4, 32, 32], [800, 2, 0, 198]]",ResNet,1.0
9,0,0.28575,0.1684209359333861,0.682750652934282,0.28575,0.4144106622240733,0.2617043661230931,0.995,0.0119047619047619,0.75,0.006,0.0372914622178606,1.0,0.019,0.2100768573868488,0.7192982456140351,0.123,0.83937985,0.8503677,0.12691012,0.50206524,0.019078512,0.5837493,0.12303344,0.63925904,0.12638928,3802,8,19,171,"[[995, 0, 0, 5], [976, 6, 0, 18], [954, 2, 19, 25], [877, 0, 0, 123]]",ResNet,1.0
19,0,0.25775,0.1178083372632479,0.4063613509673188,0.25775,0.4047957732168258,0.2540168324407039,0.996,0.0,0.0,0.0,0.0178394449950445,1.0,0.009,0.0485981308411214,0.3714285714285714,0.026,0.83904123,0.84440243,0.109577484,0.0,0.0,0.5355655,0.083654374,0.57776487,0.07136673,3921,0,9,70,"[[996, 0, 0, 4], [992, 0, 0, 8], [959, 0, 9, 32], [974, 0, 0, 26]]",ResNet,1.0
0,1,0.2925,0.180062663505142,0.1571542612638503,0.2925,0.2903790087463557,0.3482517482517482,0.249,0.0,0.0,0.0,0.4298716452742123,0.2803652968036529,0.921,0.0,0.0,0.0,0.6526511,0.58163637,0.078509554,0.0,0.0,0.66810787,0.102033414,0.0,0.0,715,0,3285,0,"[[249, 0, 751, 0], [122, 0, 878, 0], [79, 0, 921, 0], [265, 0, 735, 0]]",ResNet,1.0
1,1,0.29175,0.1789878567711646,0.156453875274987,0.29175,0.2860492379835873,0.3456090651558073,0.244,0.0,0.0,0.0,0.4299021891010712,0.2802064359441408,0.923,0.0,0.0,0.0,0.6534714,0.57988656,0.07532332,0.0,0.0,0.6692428,0.10015009,0.0,0.0,706,0,3294,0,"[[244, 0, 756, 0], [127, 0, 873, 0], [77, 0, 923, 0], [258, 0, 742, 0]]",ResNet,1.0
3,1,0.294,0.1808126535502261,0.1586647523578997,0.294,0.2914218566392479,0.3532763532763532,0.248,0.0,0.0,0.0,0.4318287575616565,0.2813826561552456,0.928,0.0,0.0,0.0,0.65038157,0.5841594,0.07858973,0.0,0.0,0.6644774,0.10047935,0.0,0.0,702,0,3298,0,"[[248, 0, 752, 0], [131, 0, 869, 0], [72, 0, 928, 0], [251, 0, 749, 0]]",ResNet,1.0
5,1,0.2935,0.1818539078268235,0.1592322127781694,0.2935,0.2990110529377545,0.3574408901251738,0.257,0.0,0.0,0.0,0.4284045783695398,0.2794879609875038,0.917,0.0,0.0,0.0,0.64981216,0.5848292,0.07956478,0.0,0.0,0.6640526,0.10048897,0.0,0.0,719,0,3281,0,"[[257, 0, 743, 0], [118, 0, 882, 0], [83, 0, 917, 0], [261, 0, 739, 0]]",ResNet,1.0
7,1,0.295,0.1834846197901762,0.1620605794039991,0.295,0.3057996485061511,0.3691654879773691,0.261,0.0,0.0,0.0,0.4281388306545539,0.2790768296386274,0.919,0.0,0.0,0.0,0.6499159,0.5850945,0.0788074,0.0,0.0,0.6638329,0.09972494,0.0,0.0,707,0,3293,0,"[[261, 0, 739, 0], [115, 0, 885, 0], [81, 0, 919, 0], [250, 0, 750, 0]]",ResNet,1.0
9,1,0.29675,0.1854327865774252,0.4151411476854674,0.29675,0.3114268798105388,0.3817126269956458,0.263,0.0019980019980019,1.0,0.001,0.4283062645011601,0.2788519637462235,0.923,0.0,0.0,0.0,0.6479299,0.58502847,0.08089909,0.4752622,0.0,0.6610756,0.09923689,0.0,0.0,689,1,3310,0,"[[263, 0, 737, 0], [104, 1, 895, 0], [77, 0, 923, 0], [245, 0, 755, 0]]",ResNet,1.0
19,1,0.285,0.1702792473607353,0.1683056029579067,0.285,0.2621621621621621,0.4041666666666667,0.194,0.0,0.0,0.0,0.4189548272807794,0.2690557451649601,0.946,0.0,0.0,0.0,0.64969116,0.58319026,0.08784191,0.4657711,0.009491254,0.658979,0.09329164,0.0,0.0,480,4,3516,0,"[[194, 0, 806, 0], [61, 0, 939, 0], [51, 3, 946, 0], [174, 1, 825, 0]]",ResNet,1.0
0,3,0.25175,0.1040444653696772,0.2848005233998719,0.25175,0.0158572844400396,0.8888888888888888,0.008,0.0,0.0,0.0,0.4003205770386696,0.2503132047105988,0.999,0.0,0.0,0.0,0.789505,0.52349365,0.026895614,0.0,0.0,0.7901049,0.074724354,0.0,0.0,9,0,3991,0,"[[8, 0, 992, 0], [0, 0, 1000, 0], [1, 0, 999, 0], [0, 0, 1000, 0]]",ResNet,1.0
1,3,0.251,0.1021082157435841,0.229260557502921,0.251,0.0079522862823061,0.6666666666666666,0.004,0.0,0.0,0.0,0.4004805766920304,0.2503755633450175,1.0,0.0,0.0,0.0,0.7896289,0.5233482,0.013518791,0.0,0.0,0.790029,0.07607699,0.0,0.0,6,0,3994,0,"[[4, 0, 996, 0], [1, 0, 999, 0], [0, 0, 1000, 0], [1, 0, 999, 0]]",ResNet,1.0
3,3,0.25025,0.1009950248756219,0.1625156445556946,0.25025,0.0039800995024875,0.4,0.002,0.0,0.0,0.0,0.4,0.2500625782227785,0.999,0.0,0.0,0.0,0.78893,0.5431093,0.0261323,0.0,0.0,0.7892376,0.07585759,0.0,0.0,5,0,3995,0,"[[2, 0, 998, 0], [0, 0, 1000, 0], [1, 0, 999, 0], [2, 0, 998, 0]]",ResNet,1.0
5,3,0.25175,0.1036324786324786,0.281375250501002,0.25175,0.0138888888888888,0.875,0.007,0.0,0.0,0.0,0.4006410256410256,0.250501002004008,1.0,0.0,0.0,0.0,0.79106593,0.5251951,0.013068172,0.0,0.0,0.7915987,0.07342154,0.0,0.0,8,0,3992,0,"[[7, 0, 993, 0], [0, 0, 1000, 0], [0, 0, 1000, 0], [1, 0, 999, 0]]",ResNet,1.0
7,3,0.251,0.1025402548840049,0.218812625250501,0.251,0.0099206349206349,0.625,0.005,0.0,0.0,0.0,0.4002403846153846,0.250250501002004,0.999,0.0,0.0,0.0,0.7902173,0.5325958,0.022412522,0.0,0.0,0.7907336,0.072852276,0.0,0.0,8,0,3992,0,"[[5, 0, 995, 0], [0, 0, 1000, 0], [1, 0, 999, 0], [2, 0, 998, 0]]",ResNet,1.0
9,3,0.25125,0.1025876622891548,0.3125782227784731,0.25125,0.0099502487562189,1.0,0.005,0.0,0.0,0.0,0.4004004004004004,0.2503128911138924,1.0,0.0,0.0,0.0,0.79125315,0.53212166,0.023494624,0.0,0.0,0.79157746,0.07275763,0.0,0.0,5,0,3995,0,"[[5, 0, 995, 0], [0, 0, 1000, 0], [0, 0, 1000, 0], [0, 0, 1000, 0]]",ResNet,1.0
19,3,0.2505,0.1010570449946937,0.2292135768493036,0.2505,0.003988035892323,0.6666666666666666,0.002,0.0,0.0,0.0,0.4002401440864518,0.2501876407305479,1.0,0.0,0.0,0.0,0.8025246,0.5078618,0.005927498,0.0,0.0,0.80274576,0.06604387,0.0,0.0,3,0,3997,0,"[[2, 0, 998, 0], [1, 0, 999, 0], [0, 0, 1000, 0], [0, 0, 1000, 0]]",ResNet,1.0
0,5,0.2505,0.1010570449946937,0.2292135768493036,0.2505,0.003988035892323,0.6666666666666666,0.002,0.0,0.0,0.0,0.4002401440864518,0.2501876407305479,1.0,0.0,0.0,0.0,0.82023823,0.53479195,0.025964886,0.0,0.0,0.8204525,0.07097732,0.0,0.0,3,0,3997,0,"[[2, 0, 998, 0], [1, 0, 999, 0], [0, 0, 1000, 0], [0, 0, 1000, 0]]",ResNet,1.0
1,5,0.25,0.1000200040008001,0.0625156289072268,0.25,0.0,0.0,0.0,0.0,0.0,0.0,0.4000800160032006,0.2500625156289072,1.0,0.0,0.0,0.0,0.8210951,0.5168197,0.0,0.0,0.0,0.82117116,0.07050308,0.0,0.0,1,0,3999,0,"[[0, 0, 1000, 0], [1, 0, 999, 0], [0, 0, 1000, 0], [0, 0, 1000, 0]]",ResNet,1.0
3,5,0.25075,0.1015555494812341,0.3125469101826369,0.25075,0.0059820538384845,1.0,0.003,0.0,0.0,0.0,0.4002401440864518,0.2501876407305479,1.0,0.0,0.0,0.0,0.82215023,0.56367046,0.02446438,0.0,0.0,0.82234424,0.06755203,0.0,0.0,3,0,3997,0,"[[3, 0, 997, 0], [0, 0, 1000, 0], [0, 0, 1000, 0], [0, 0, 1000, 0]]",ResNet,1.0
5,5,0.2505,0.1011141799582958,0.1459272241695877,0.2505,0.003976143141153,0.3333333333333333,0.002,0.0,0.0,0.0,0.4004805766920304,0.2503755633450175,1.0,0.0,0.0,0.0,0.82148373,0.5143533,0.008933018,0.0,0.0,0.8219451,0.07007012,0.0,0.0,6,0,3994,0,"[[2, 0, 998, 0], [1, 0, 999, 0], [0, 0, 1000, 0], [3, 0, 997, 0]]",ResNet,1.0
7,5,0.25,0.1004389779864041,0.1874687343671836,0.25,0.0019960079840319,0.5,0.001,0.0,0.0,0.0,0.3997599039615846,0.2498749374687343,0.999,0.0,0.0,0.0,0.8223169,0.54690695,0.042800903,0.0,0.0,0.82245463,0.06851371,0.0,0.0,2,0,3998,0,"[[1, 0, 999, 0], [0, 0, 1000, 0], [1, 0, 999, 0], [0, 0, 1000, 0]]",ResNet,1.0
9,5,0.2495,0.0998599159495697,0.0624218163622717,0.2495,0.0,0.0,0.0,0.0,0.0,0.0,0.3994396637982789,0.2496872654490868,0.998,0.0,0.0,0.0,0.8217571,0.55117875,0.056908067,0.0,0.0,0.82196015,0.06867627,0.0,0.0,3,0,3997,0,"[[0, 0, 1000, 0], [1, 0, 999, 0], [2, 0, 998, 0], [0, 0, 1000, 0]]",ResNet,1.0
19,5,0.25,0.1000400160064025,0.0625312656328164,0.25,0.0,0.0,0.0,0.0,0.0,0.0,0.4001600640256102,0.2501250625312656,1.0,0.0,0.0,0.0,0.8242157,0.50810087,0.0042702556,0.0,0.0,0.82437384,0.06639144,0.0,0.0,2,0,3998,0,"[[0, 0, 1000, 0], [0, 0, 1000, 0], [0, 0, 1000, 0], [2, 0, 998, 0]]",ResNet,1.0
0,10,0.249,0.13228888386894,0.120042948799122,0.249,0.1362359550561797,0.2287735849056603,0.097,0.0,0.0,0.0,0.3929195804195804,0.2513982102908277,0.899,0.0,0.0,0.0,0.7375662,0.5925665,0.077675804,0.0,0.0,0.75475854,0.116827525,0.0,0.0,424,0,3576,0,"[[97, 0, 903, 0], [110, 0, 890, 0], [101, 0, 899, 0], [116, 0, 884, 0]]",ResNet,1.0
1,10,0.25125,0.1316097838568014,0.1206702615990535,0.25125,0.1292175161521895,0.2290076335877862,0.09,0.0,0.0,0.0,0.3972216192750162,0.253673412808428,0.915,0.0,0.0,0.0,0.7397954,0.59215736,0.080163434,0.0,0.0,0.7558813,0.11496234,0.0,0.0,393,0,3607,0,"[[90, 0, 910, 0], [99, 0, 901, 0], [85, 0, 915, 0], [119, 0, 881, 0]]",ResNet,1.0
3,10,0.24625,0.1305567540973487,0.1150595322395899,0.24625,0.1306740027510316,0.2092511013215859,0.095,0.0,0.0,0.0,0.3915530136383634,0.2509870276367738,0.89,0.0,0.0,0.0,0.73196346,0.5880773,0.071923986,0.0,0.0,0.7503854,0.116505496,0.0,0.0,454,0,3546,0,"[[95, 0, 905, 0], [118, 0, 882, 0], [110, 0, 890, 0], [131, 0, 869, 0]]",ResNet,1.0
5,10,0.25175,0.1342019293140082,0.121772677989424,0.25175,0.1399580125962211,0.2331002331002331,0.1,0.0,0.0,0.0,0.3968497046598118,0.2539904788574629,0.907,0.0,0.0,0.0,0.7331846,0.5903615,0.07258795,0.0,0.0,0.7503426,0.11774937,0.0,0.0,429,0,3571,0,"[[100, 0, 900, 0], [113, 0, 887, 0], [93, 0, 907, 0], [123, 0, 877, 0]]",ResNet,1.0
7,10,0.2485,0.1279109794061302,0.1143518937508484,0.2485,0.1149425287356321,0.2040816326530612,0.08,0.0,0.0,0.0,0.3967013888888889,0.2533259423503325,0.914,0.0,0.0,0.0,0.7362006,0.59031445,0.073822856,0.0,0.0,0.7520507,0.116458155,0.0,0.0,392,0,3608,0,"[[80, 0, 920, 0], [97, 0, 903, 0], [86, 0, 914, 0], [129, 0, 871, 0]]",ResNet,1.0
9,10,0.252,0.1336917804118774,0.1249858590886465,0.252,0.139367816091954,0.2474489795918367,0.097,0.0,0.0,0.0,0.3953993055555556,0.2524944567627494,0.911,0.0,0.0,0.0,0.7377839,0.6023577,0.07717239,0.0,0.0,0.75249773,0.11485928,0.0,0.0,392,0,3608,0,"[[97, 0, 903, 0], [96, 0, 904, 0], [89, 0, 911, 0], [110, 0, 890, 0]]",ResNet,1.0
19,10,0.24825,0.1307369302761007,0.1152445722706189,0.24825,0.1275121275121275,0.2076749435665914,0.092,0.0,0.0,0.0,0.3954355935922756,0.2533033455158842,0.901,0.0,0.0,0.0,0.7307165,0.60172147,0.079106554,0.0,0.0,0.7467819,0.114002466,0.0,0.0,443,0,3557,0,"[[92, 0, 908, 0], [106, 0, 894, 0], [99, 0, 901, 0], [146, 0, 854, 0]]",ResNet,1.0
0,20,0.2535,0.1650887072988136,0.1256578512701038,0.2535,0.2878168438266558,0.243430152143845,0.352,0.0,0.0,0.0,0.3725379853685988,0.2592012529365701,0.662,0.0,0.0,0.0,0.7454977,0.707667,0.13315906,0.0,0.0,0.7669163,0.1403664,0.0,0.0,1446,0,2554,0,"[[352, 0, 648, 0], [389, 0, 611, 0], [338, 0, 662, 0], [367, 0, 633, 0]]",ResNet,1.0
1,20,0.2495,0.1618265019175782,0.1235987253782519,0.2495,0.2790309106098579,0.2395982783357245,0.334,0.0,0.0,0.0,0.3682750970604548,0.2547966231772832,0.664,0.0,0.0,0.0,0.7450999,0.71244204,0.12990302,0.0,0.0,0.7625693,0.13813959,0.0,0.0,1394,0,2606,0,"[[334, 0, 666, 0], [357, 0, 643, 0], [336, 0, 664, 0], [367, 0, 633, 0]]",ResNet,1.0
3,20,0.25375,0.1665476775361649,0.1271126619128993,0.25375,0.303941487200325,0.2559890485968514,0.374,0.0,0.0,0.0,0.3622492229443345,0.2524615990547459,0.641,0.0,0.0,0.0,0.7428872,0.7081477,0.13389985,0.0,0.0,0.76287717,0.13888246,0.0,0.0,1461,0,2539,0,"[[374, 0, 626, 0], [362, 0, 638, 0], [359, 0, 641, 0], [366, 0, 634, 0]]",ResNet,1.0
5,20,0.2575,0.1667482038450232,0.1268614116235201,0.2575,0.2825278810408922,0.2406755805770584,0.342,0.0,0.0,0.0,0.3844649343392008,0.2667700659170221,0.688,0.0,0.0,0.0,0.7460848,0.708479,0.13076147,0.0,0.0,0.7668052,0.1382076,0.0,0.0,1421,0,2579,0,"[[342, 0, 658, 0], [367, 0, 633, 0], [312, 0, 688, 0], [400, 0, 600, 0]]",ResNet,1.0
7,20,0.2575,0.1682449732584625,0.1285193982839765,0.2575,0.3005351996706463,0.2554233729881036,0.365,0.0,0.0,0.0,0.3724446933632035,0.2586542201478024,0.665,0.0,0.0,0.0,0.7498805,0.71408844,0.12950285,0.0,0.0,0.76977426,0.136364,0.0,0.0,1429,0,2571,0,"[[365, 0, 635, 0], [359, 0, 641, 0], [335, 0, 665, 0], [370, 0, 630, 0]]",ResNet,1.0
9,20,0.246,0.159543406723031,0.1212498429562592,0.246,0.2714227142271422,0.2300208478109798,0.331,0.0,0.0,0.0,0.3667509126649817,0.254978524014057,0.653,0.0,0.0,0.0,0.7467769,0.7053769,0.1294262,0.0,0.0,0.7700391,0.13738908,0.0,0.0,1439,0,2561,0,"[[331, 0, 669, 0], [362, 0, 638, 0], [347, 0, 653, 0], [399, 0, 601, 0]]",ResNet,1.0
19,20,0.2465,0.1611746987640936,0.1226384409913662,0.2465,0.2865236746256576,0.2406526172671652,0.354,0.0,0.0,0.0,0.3581751204307169,0.2499011466982997,0.632,0.0,0.0,0.0,0.7446407,0.71438354,0.13562341,0.0,0.0,0.7622399,0.13738438,0.0,0.0,1471,0,2529,0,"[[354, 0, 646, 0], [374, 0, 626, 0], [368, 0, 632, 0], [375, 0, 625, 0]]",ResNet,1.0
0,30,0.2465,0.1643048704212692,0.1232360971188294,0.2465,0.3326758711374096,0.2477962781586679,0.506,0.0,0.0,0.0,0.3245436105476673,0.2451481103166496,0.48,0.0,0.0,0.0,0.78498095,0.7876477,0.15079272,0.0,0.0,0.78219986,0.14976488,0.0,0.0,2042,0,1958,0,"[[506, 0, 494, 0], [511, 0, 489, 0], [520, 0, 480, 0], [505, 0, 495, 0]]",ResNet,1.0
1,30,0.25675,0.1709912443493219,0.1283242200621075,0.25675,0.3509785049727302,0.2583845063769485,0.547,0.0,0.0,0.0,0.3329864724245577,0.2549123738714817,0.48,0.0,0.0,0.0,0.79008496,0.79246885,0.14785394,0.0,0.0,0.78740484,0.14257394,0.0,0.0,2117,0,1883,0,"[[547, 0, 453, 0], [533, 0, 467, 0], [520, 0, 480, 0], [517, 0, 483, 0]]",ResNet,1.0
3,30,0.25075,0.1671419637273296,0.1254060397433891,0.25075,0.336260162601626,0.2491566265060241,0.517,0.0,0.0,0.0,0.3323076923076923,0.2524675324675324,0.486,0.0,0.0,0.0,0.7863111,0.7899093,0.14564556,0.0,0.0,0.78243256,0.15015237,0.0,0.0,2075,0,1925,0,"[[517, 0, 483, 0], [508, 0, 492, 0], [514, 0, 486, 0], [536, 0, 464, 0]]",ResNet,1.0
5,30,0.25625,0.1708733974358974,0.1283244680851064,0.25625,0.3397435897435897,0.25,0.53,0.0,0.0,0.0,0.34375,0.2632978723404255,0.495,0.0,0.0,0.0,0.7852638,0.79007304,0.14709215,0.0,0.0,0.77984047,0.14857572,0.0,0.0,2120,0,1880,0,"[[530, 0, 470, 0], [557, 0, 443, 0], [505, 0, 495, 0], [528, 0, 472, 0]]",ResNet,1.0
7,30,0.2555,0.1703778920802729,0.1278198347185986,0.2555,0.334538284587578,0.2491434165442976,0.509,0.0,0.0,0.0,0.3469732837335137,0.2621359223300971,0.513,0.0,0.0,0.0,0.7828776,0.7854465,0.15044847,0.0,0.0,0.78019595,0.14686972,0.0,0.0,2043,0,1957,0,"[[509, 0, 491, 0], [515, 0, 485, 0], [487, 0, 513, 0], [532, 0, 468, 0]]",ResNet,1.0
9,30,0.2465,0.16435700074144,0.1232899459424853,0.2465,0.3247694334650856,0.2421414538310412,0.493,0.0,0.0,0.0,0.3326585695006747,0.2510183299389002,0.493,0.0,0.0,0.0,0.78911155,0.7941194,0.14793074,0.0,0.0,0.7839201,0.14852548,0.0,0.0,2036,0,1964,0,"[[493, 0, 507, 0], [503, 0, 497, 0], [507, 0, 493, 0], [533, 0, 467, 0]]",ResNet,1.0
19,30,0.25425,0.1695109824458631,0.1272500614755485,0.25425,0.338382210763777,0.2496433666191155,0.525,0.0,0.0,0.0,0.3396617190196755,0.2593568792830785,0.492,0.0,0.0,0.0,0.7880117,0.79212487,0.14631496,0.0,0.0,0.78345203,0.14655943,0.0,0.0,2103,0,1897,0,"[[525, 0, 475, 0], [529, 0, 471, 0], [508, 0, 492, 0], [541, 0, 459, 0]]",ResNet,1.0
