blur_size,noise_level,Model_Label,accuracy,f1,precision,recall,f1_immune,precision_immune,recall_immune,f1_other,precision_other,recall_other,f1_stromal,precision_stromal,recall_stromal,f1_tumour,precision_tumour,recall_tumour,confidence_overall,confidence_immune_avg,confidence_immune_std,confidence_other_avg,confidence_other_std,confidence_stromal_avg,confidence_stromal_std,confidence_tumour_avg,confidence_tumour_std,count_pred_immune,count_pred_other,count_pred_stromal,count_pred_tumour,test_set,confusion_matrix
0,0,CNN,0.59425,0.5379009930992785,0.539783743273882,0.59425,0.7002967359050445,0.6077998528329654,0.826,0.112863070539419,0.3317073170731707,0.068,0.5665620797848498,0.5134037367993501,0.632,0.7718820861678004,0.7062240663900415,0.851,0.63603115,0.66489416,0.18673544,0.49952447,0.15130872,0.621485,0.1445648,0.6415625,0.16271089,1359.0,205.0,1231.0,1205.0,1.0,"[[826, 13, 117, 44], [272, 68, 443, 217], [219, 56, 632, 93], [42, 68, 39, 851]]"
0,0,RF (PCA),0.4935,0.4765358274967798,0.4885080107344052,0.4935,0.5321100917431193,0.5779601406799532,0.493,0.2767140210006176,0.3618739903069466,0.224,0.508994708994709,0.5404494382022472,0.481,0.5883244882486732,0.4737484737484737,0.776,0.4305975,0.4412192262602579,0.0977551790689668,0.3611954765751211,0.0498027668443677,0.5145505617977528,0.1559230227276854,0.4056776556776557,0.0643678654412577,853.0,619.0,890.0,1638.0,1.0,"[[493, 109, 103, 295], [137, 224, 280, 359], [130, 181, 481, 208], [93, 105, 26, 776]]"
0,0,ResNet,0.7065,0.702714001744926,0.703394173514276,0.7065,0.6635850025680534,0.6821541710665259,0.646,0.7360482654600302,0.7401415571284126,0.732,0.6134185303514377,0.6560364464692483,0.576,0.797804208600183,0.7352445193929174,0.872,0.72964334,0.73678625,0.17038727,0.7073004,0.17222163,0.69839174,0.18218514,0.76570725,0.17612804,947.0,989.0,878.0,1186.0,1.0,"[[646, 95, 166, 93], [64, 732, 93, 111], [203, 111, 576, 110], [34, 51, 43, 872]]"
0,0,XGBoost (PCA),0.62175,0.6128088604360901,0.6285562370605031,0.62175,0.6484679665738161,0.7320754716981132,0.582,0.4741784037558685,0.5738636363636364,0.404,0.6368110236220472,0.626937984496124,0.647,0.6917780477926286,0.5813478556841388,0.854,0.5253306,0.59996605,0.17388405,0.44389197,0.087554015,0.55990875,0.13593625,0.49967584,0.12550816,795.0,704.0,1032.0,1469.0,1.0,"[[582, 106, 114, 198], [96, 404, 236, 264], [66, 134, 647, 153], [51, 60, 35, 854]]"
0,1,CNN,0.59575,0.5411132012677565,0.541719447945149,0.59575,0.7057800956106041,0.6241352805534205,0.812,0.1182266009852216,0.3302752293577982,0.072,0.5707984119982356,0.510655090765588,0.647,0.7696476964769647,0.7018121911037891,0.852,0.6368487,0.66485673,0.18543714,0.4987725,0.15158093,0.62625396,0.14729905,0.6426854,0.16411114,1301.0,218.0,1267.0,1214.0,1.0,"[[812, 14, 125, 49], [249, 72, 456, 223], [204, 59, 647, 90], [36, 73, 39, 852]]"
0,1,RF (PCA),0.488,0.4697901342614897,0.4820153881399595,0.488,0.5338305807139052,0.5712656784492588,0.501,0.26375,0.3516666666666667,0.211,0.4981213097155126,0.5376593279258401,0.464,0.5834586466165413,0.4674698795180723,0.776,0.4316124999999999,0.4428962371721779,0.0979740241886373,0.36195,0.050060272006186,0.5165237543453071,0.1564028256577803,0.4066867469879517,0.064479272416379,877.0,600.0,863.0,1660.0,1.0,"[[501, 101, 97, 301], [142, 211, 278, 369], [139, 183, 464, 214], [95, 105, 24, 776]]"
0,1,ResNet,0.2925,0.180062663505142,0.1571542612638503,0.2925,0.2903790087463557,0.3482517482517482,0.249,0.0,0.0,0.0,0.4298716452742123,0.2803652968036529,0.921,0.0,0.0,0.0,0.6526511,0.58163637,0.078509554,,,0.66810787,0.102033414,,,715.0,0.0,3285.0,0.0,1.0,"[[249, 0, 751, 0], [122, 0, 878, 0], [79, 0, 921, 0], [265, 0, 735, 0]]"
0,1,XGBoost (PCA),0.61425,0.604026852297741,0.6201190832104796,0.61425,0.6446644664466447,0.7163814180929096,0.586,0.4570405727923627,0.5665680473372781,0.383,0.627177700348432,0.624380574826561,0.63,0.6872246696035242,0.5731462925851704,0.858,0.5248209,0.6008682,0.17341658,0.4433545,0.08518028,0.5558822,0.13678429,0.4991188,0.12633216,818.0,676.0,1009.0,1497.0,1.0,"[[586, 105, 115, 194], [101, 383, 233, 283], [74, 134, 630, 162], [57, 54, 31, 858]]"
0,3,CNN,0.57425,0.5422544337459859,0.5486532149223149,0.57425,0.7102330293819655,0.7197125256673511,0.701,0.161925601750547,0.2991913746630728,0.111,0.5647688192586932,0.4570191713048855,0.739,0.732090284592738,0.7186897880539499,0.746,0.6292581,0.6572203,0.16968144,0.5147561,0.14409289,0.64529735,0.15778981,0.6189593,0.16492067,974.0,371.0,1617.0,1038.0,1.0,"[[701, 22, 228, 49], [148, 111, 565, 176], [110, 84, 739, 67], [15, 154, 85, 746]]"
0,3,RF (PCA),0.49075,0.4737870335066979,0.4864425593397189,0.49075,0.5346851654215582,0.5732265446224256,0.501,0.2751388032078963,0.359098228663446,0.223,0.5010799136069114,0.5446009389671361,0.464,0.5842442517904259,0.4688445251058681,0.775,0.43156,0.4437986270022883,0.0973927184133677,0.3609822866344606,0.0501093940998884,0.5183450704225352,0.1564556310730892,0.4068723532970357,0.0645938966630248,874.0,621.0,852.0,1653.0,1.0,"[[501, 102, 96, 301], [140, 223, 269, 368], [133, 194, 464, 209], [100, 102, 23, 775]]"
0,3,ResNet,0.25175,0.1040444653696772,0.2848005233998719,0.25175,0.0158572844400396,0.8888888888888888,0.008,0.0,0.0,0.0,0.4003205770386696,0.2503132047105988,0.999,0.0,0.0,0.0,0.789505,0.52349365,0.026895614,,,0.7901049,0.074724354,,,9.0,0.0,3991.0,0.0,1.0,"[[8, 0, 992, 0], [0, 0, 1000, 0], [1, 0, 999, 0], [0, 0, 1000, 0]]"
0,3,XGBoost (PCA),0.61425,0.6042535088884372,0.6200598278997335,0.61425,0.6454445664105378,0.7153284671532847,0.588,0.4588796185935637,0.5678466076696165,0.385,0.6264940239043825,0.6240079365079365,0.629,0.6861958266452648,0.5730563002680965,0.855,0.5244503,0.5999276,0.17332432,0.44256663,0.0853681,0.5554135,0.13701905,0.49915814,0.1262208,822.0,678.0,1008.0,1492.0,1.0,"[[588, 103, 115, 194], [102, 385, 232, 281], [74, 135, 629, 162], [58, 55, 32, 855]]"
0,5,CNN,0.492,0.4807501892773153,0.5358949222722568,0.492,0.6608594657375145,0.7880886426592798,0.569,0.1798029556650246,0.2339743589743589,0.146,0.5323693723299375,0.3964757709251101,0.81,0.5499689633767846,0.7250409165302782,0.443,0.62253946,0.6236889,0.15394373,0.5407461,0.13966163,0.65658414,0.16289634,0.59088016,0.17107677,722.0,624.0,2043.0,611.0,1.0,"[[569, 34, 370, 27], [88, 146, 666, 100], [62, 87, 810, 41], [3, 357, 197, 443]]"
0,5,RF (PCA),0.49025,0.4725741445655937,0.4845585431792624,0.4902499999999999,0.5360934182590233,0.5712669683257918,0.505,0.2684897451833437,0.354679802955665,0.216,0.5008077544426495,0.5425904317386231,0.465,0.5849056603773585,0.4696969696969697,0.775,0.4316575,0.4426470588235294,0.0979368960786558,0.3614449917898193,0.0501414813937803,0.5174912485414236,0.1560559177239604,0.4071030303030303,0.0646264439958175,884.0,609.0,857.0,1650.0,1.0,"[[505, 103, 93, 299], [142, 216, 274, 368], [136, 191, 465, 208], [101, 99, 25, 775]]"
0,5,ResNet,0.2505,0.1010570449946937,0.2292135768493036,0.2505,0.003988035892323,0.6666666666666666,0.002,0.0,0.0,0.0,0.4002401440864518,0.2501876407305479,1.0,0.0,0.0,0.0,0.82023823,0.53479195,0.025964886,,,0.8204525,0.07097732,,,3.0,0.0,3997.0,0.0,1.0,"[[2, 0, 998, 0], [1, 0, 999, 0], [0, 0, 1000, 0], [0, 0, 1000, 0]]"
0,5,XGBoost (PCA),0.614,0.6040088689122555,0.6199851211007165,0.614,0.6454794520547945,0.713939393939394,0.589,0.4599761051373954,0.5712166172106825,0.385,0.6251866600298656,0.622398414271556,0.628,0.6853932584269663,0.5723860589812333,0.854,0.5244485,0.5994288,0.1732503,0.44285288,0.08515493,0.5547908,0.1371214,0.4993287,0.12623972,825.0,674.0,1009.0,1492.0,1.0,"[[589, 101, 115, 195], [102, 385, 232, 281], [75, 135, 628, 162], [59, 53, 34, 854]]"
0,10,CNN,0.3115,0.2319660292972235,0.5788969971576404,0.3115,0.2801358234295416,0.9269662921348316,0.165,0.1197982345523329,0.1621160409556314,0.095,0.4512282375387551,0.2962730974005637,0.946,0.0767018216682646,0.9302325581395348,0.04,0.67741823,0.5655941,0.10252596,0.5820471,0.12052974,0.70388824,0.1381591,0.4744786,0.11055189,178.0,586.0,3193.0,43.0,1.0,"[[165, 51, 784, 0], [6, 95, 897, 2], [7, 46, 946, 1], [0, 394, 566, 40]]"
0,10,RF (PCA),0.49425,0.4766623894120592,0.4903846056550099,0.4942499999999999,0.5373931623931624,0.5768348623853211,0.503,0.2758620689655172,0.3697478991596639,0.22,0.509090909090909,0.5471264367816092,0.476,0.5843034171986481,0.4678292242934456,0.778,0.4315975,0.4461467889908256,0.0965140884984168,0.3616134453781512,0.0506537279512205,0.5137586206896552,0.1559457955871715,0.4060252555622368,0.064703528234595,872.0,595.0,870.0,1663.0,1.0,"[[503, 104, 95, 298], [135, 220, 275, 370], [136, 171, 476, 217], [98, 100, 24, 778]]"
0,10,ResNet,0.249,0.13228888386894,0.120042948799122,0.249,0.1362359550561797,0.2287735849056603,0.097,0.0,0.0,0.0,0.3929195804195804,0.2513982102908277,0.899,0.0,0.0,0.0,0.7375662,0.5925665,0.077675804,,,0.75475854,0.116827525,,,424.0,0.0,3576.0,0.0,1.0,"[[97, 0, 903, 0], [110, 0, 890, 0], [101, 0, 899, 0], [116, 0, 884, 0]]"
0,10,XGBoost (PCA),0.6145,0.6040760885258611,0.6198460729820965,0.6145,0.6459694989106753,0.7093301435406698,0.593,0.4580335731414868,0.5718562874251497,0.382,0.624,0.624,0.624,0.688301282051282,0.5741978609625669,0.859,0.5235917,0.5973486,0.17320007,0.44284496,0.0843016,0.55469763,0.13656439,0.49763724,0.12599042,836.0,668.0,1000.0,1496.0,1.0,"[[593, 101, 111, 195], [105, 382, 232, 281], [80, 135, 624, 161], [58, 50, 33, 859]]"
0,20,CNN,0.25,0.1000200040008001,0.0625156289072268,0.25,0.0,0.0,0.0,0.0,0.0,0.0,0.4000800160032006,0.2500625156289072,1.0,0.0,0.0,0.0,0.907421,0.0,0.0,0.49324843,0.0,0.9075246,0.05100069,0.0,0.0,0.0,1.0,3999.0,0.0,1.0,"[[0, 0, 1000, 0], [0, 0, 1000, 0], [0, 0, 1000, 0], [0, 1, 999, 0]]"
0,20,RF (PCA),0.49375,0.4744704133212316,0.4864370592167084,0.49375,0.5451697127937337,0.5704918032786885,0.522,0.2577384712571067,0.3499142367066895,0.204,0.5067824199674443,0.5539739027283511,0.467,0.5881910492666416,0.4713682941531043,0.782,0.43299,0.4478688524590164,0.0965183199139469,0.3622984562607204,0.0502194168234785,0.5182443653618031,0.1525722575862887,0.4063050030138638,0.0649702007478581,915.0,583.0,843.0,1659.0,1.0,"[[522, 101, 87, 290], [150, 204, 272, 374], [144, 176, 467, 213], [99, 102, 17, 782]]"
0,20,ResNet,0.2535,0.1650887072988136,0.1256578512701038,0.2535,0.2878168438266558,0.243430152143845,0.352,0.0,0.0,0.0,0.3725379853685988,0.2592012529365701,0.662,0.0,0.0,0.0,0.7454977,0.707667,0.13315906,,,0.7669163,0.1403664,,,1446.0,0.0,2554.0,0.0,1.0,"[[352, 0, 648, 0], [389, 0, 611, 0], [338, 0, 662, 0], [367, 0, 633, 0]]"
0,20,XGBoost (PCA),0.6085,0.5979698621650713,0.6128647579967118,0.6085,0.6438136047134441,0.6931949250288351,0.601,0.4518072289156626,0.5681818181818182,0.375,0.6151515151515151,0.6214285714285714,0.609,0.681107099879663,0.5686537173476223,0.849,0.5222909,0.59921515,0.17495766,0.43649015,0.08098853,0.55226016,0.13449365,0.4958778,0.1248001,867.0,660.0,980.0,1493.0,1.0,"[[601, 97, 107, 195], [112, 375, 232, 281], [89, 134, 609, 168], [65, 54, 32, 849]]"
0,30,CNN,0.25,0.1,0.0625,0.25,0.0,0.0,0.0,0.0,0.0,0.0,0.4,0.25,1.0,0.0,0.0,0.0,0.9779933,0.0,0.0,0.0,0.0,0.9779933,0.012302803,0.0,0.0,0.0,0.0,4000.0,0.0,1.0,"[[0, 0, 1000, 0], [0, 0, 1000, 0], [0, 0, 1000, 0], [0, 0, 1000, 0]]"
0,30,RF (PCA),0.48875,0.4666301482804214,0.4786752844726007,0.48875,0.5436702649656526,0.5337186897880539,0.554,0.2384716732542819,0.3494208494208494,0.181,0.5052515201768933,0.5648949320148331,0.457,0.5791271347248577,0.4666666666666667,0.763,0.4367525,0.4551830443159923,0.0974072120191958,0.3604633204633204,0.0498470402239727,0.519221260815822,0.1459219417893256,0.4084159021406728,0.0648592792742734,1038.0,518.0,809.0,1635.0,1.0,"[[554, 89, 77, 280], [188, 181, 257, 374], [169, 156, 457, 218], [127, 92, 18, 763]]"
0,30,ResNet,0.2465,0.1643048704212692,0.1232360971188294,0.2465,0.3326758711374096,0.2477962781586679,0.506,0.0,0.0,0.0,0.3245436105476673,0.2451481103166496,0.48,0.0,0.0,0.0,0.78498095,0.7876477,0.15079272,,,0.78219986,0.14976488,,,2042.0,0.0,1958.0,0.0,1.0,"[[506, 0, 494, 0], [511, 0, 489, 0], [520, 0, 480, 0], [505, 0, 495, 0]]"
0,30,XGBoost (PCA),0.5915,0.5771859547126708,0.5914395169564782,0.5915,0.6368159203980099,0.6336633663366337,0.64,0.4055590650663297,0.5506003430531733,0.321,0.5978204462895693,0.6213592233009708,0.576,0.6685483870967742,0.5601351351351351,0.829,0.5197406,0.59506524,0.17714433,0.42538062,0.07688312,0.544553,0.13150445,0.48996562,0.123489425,1010.0,583.0,927.0,1480.0,1.0,"[[640, 80, 92, 188], [156, 321, 232, 291], [121, 131, 576, 172], [93, 51, 27, 829]]"
1,0,CNN,0.56775,0.4972818266920356,0.5174146246515074,0.56775,0.6473394495412844,0.5113043478260869,0.882,0.071301247771836,0.3278688524590163,0.04,0.513380666302567,0.5655836341756919,0.47,0.7571059431524548,0.6649016641452344,0.879,0.66133666,0.6929528,0.1911414,0.5255951,0.17010976,0.61658096,0.12707932,0.6607426,0.15265425,1725.0,122.0,831.0,1322.0,1.0,"[[882, 9, 58, 51], [409, 40, 290, 261], [372, 27, 470, 131], [62, 46, 13, 879]]"
1,0,RF (PCA),0.494,0.4756533384273897,0.4894238211038447,0.494,0.5378787878787878,0.5860849056603774,0.497,0.2669172932330827,0.3573825503355705,0.213,0.5098456625864821,0.5449374288964732,0.479,0.5879716100112066,0.4692903995229576,0.787,0.43171,0.4432311320754717,0.0968266948837696,0.3608892617449664,0.0497818848496772,0.5164050056882821,0.1563558258437605,0.4066607036374478,0.0654642607361656,848.0,596.0,879.0,1677.0,1.0,"[[497, 106, 96, 301], [131, 213, 281, 375], [130, 177, 479, 214], [90, 100, 23, 787]]"
1,0,ResNet,0.7065,0.702714001744926,0.703394173514276,0.7065,0.6635850025680534,0.6821541710665259,0.646,0.7360482654600302,0.7401415571284126,0.732,0.6134185303514377,0.6560364464692483,0.576,0.797804208600183,0.7352445193929174,0.872,0.72964334,0.73678625,0.17038727,0.7073004,0.17222163,0.69839174,0.18218514,0.76570725,0.17612804,947.0,989.0,878.0,1186.0,1.0,"[[646, 95, 166, 93], [64, 732, 93, 111], [203, 111, 576, 110], [34, 51, 43, 872]]"
1,0,XGBoost (PCA),0.61425,0.6042627513195526,0.6207472408918954,0.61425,0.646273637374861,0.7280701754385965,0.581,0.4537914691943128,0.5566860465116279,0.383,0.6305858987090367,0.626232741617357,0.635,0.6864,0.572,0.858,0.5248346,0.5991998,0.17232819,0.44324386,0.08632801,0.558072,0.13694367,0.500227,0.12583756,798.0,688.0,1014.0,1500.0,1.0,"[[581, 109, 112, 198], [97, 383, 237, 283], [68, 136, 635, 161], [52, 60, 30, 858]]"
1,1,CNN,0.5745,0.5057550848131829,0.5246612130456716,0.5745,0.6598639455782312,0.5303766707168894,0.873,0.0812003530450132,0.3458646616541353,0.046,0.5282215122470714,0.5649202733485194,0.496,0.7537345283824157,0.6574832464631423,0.883,0.66090405,0.68944424,0.19198062,0.52375007,0.17056218,0.6237976,0.13201274,0.6637659,0.15489736,1646.0,133.0,878.0,1343.0,1.0,"[[873, 10, 61, 56], [379, 46, 308, 267], [338, 29, 496, 137], [56, 48, 13, 883]]"
1,1,RF (PCA),0.493,0.4733289607816082,0.4871458680444564,0.493,0.5369484316852738,0.5732122587968218,0.505,0.2614213197969543,0.3576388888888889,0.206,0.5056603773584906,0.5485380116959064,0.469,0.5892857142857143,0.4691943127962085,0.792,0.43243,0.4439841089670828,0.0969636402683047,0.3616493055555556,0.0502654958093739,0.5174152046783626,0.1564548310368927,0.4075059241706161,0.0655825153193677,881.0,576.0,855.0,1688.0,1.0,"[[505, 106, 91, 298], [141, 206, 274, 379], [139, 173, 469, 219], [96, 91, 21, 792]]"
1,1,ResNet,0.29175,0.1789878567711646,0.156453875274987,0.29175,0.2860492379835873,0.3456090651558073,0.244,0.0,0.0,0.0,0.4299021891010712,0.2802064359441408,0.923,0.0,0.0,0.0,0.6534714,0.57988656,0.07532332,,,0.6692428,0.10015009,,,706.0,0.0,3294.0,0.0,1.0,"[[244, 0, 756, 0], [127, 0, 873, 0], [77, 0, 923, 0], [258, 0, 742, 0]]"
1,1,XGBoost (PCA),0.6105,0.6001392682969994,0.616008003369525,0.6105,0.6455142231947484,0.7125603864734299,0.59,0.4502680166765932,0.5567010309278351,0.378,0.62058526740666,0.6262729124236253,0.615,0.684189565909996,0.5684976836532097,0.859,0.52380097,0.5976111,0.17359833,0.43992716,0.08610576,0.55647624,0.13569546,0.49980903,0.12585752,828.0,679.0,982.0,1511.0,1.0,"[[590, 107, 109, 194], [102, 378, 228, 292], [78, 141, 615, 166], [58, 53, 30, 859]]"
1,3,CNN,0.58625,0.5354531960971594,0.5317020488279127,0.58625,0.7021569527306104,0.648854961832061,0.765,0.1245011971268954,0.308300395256917,0.078,0.5641699518177836,0.5019485580670304,0.644,0.750984682713348,0.667704280155642,0.858,0.644981,0.6766533,0.18487933,0.52933884,0.15477458,0.6388214,0.1560361,0.64483994,0.1605578,1179.0,253.0,1283.0,1285.0,1.0,"[[765, 23, 140, 72], [214, 78, 463, 245], [180, 66, 644, 110], [20, 86, 36, 858]]"
1,3,RF (PCA),0.493,0.4733558084622107,0.4871059886174774,0.493,0.5402237613212574,0.5781071835803877,0.507,0.2598225602027883,0.3546712802768166,0.205,0.5043103448275862,0.5467289719626168,0.468,0.5890665674972109,0.4689165186500888,0.792,0.4323725,0.4447320410490308,0.0969363191832242,0.3605190311418685,0.0501769238421263,0.5173130841121495,0.1557459443279355,0.4074955595026643,0.0656069093780426,877.0,578.0,856.0,1689.0,1.0,"[[507, 107, 92, 294], [139, 205, 275, 381], [136, 174, 468, 222], [95, 92, 21, 792]]"
1,3,ResNet,0.251,0.1021082157435841,0.229260557502921,0.251,0.0079522862823061,0.6666666666666666,0.004,0.0,0.0,0.0,0.4004805766920304,0.2503755633450175,1.0,0.0,0.0,0.0,0.7896289,0.5233482,0.013518791,,,0.790029,0.07607699,,,6.0,0.0,3994.0,0.0,1.0,"[[4, 0, 996, 0], [1, 0, 999, 0], [0, 0, 1000, 0], [1, 0, 999, 0]]"
1,3,XGBoost (PCA),0.6105,0.6000302024699777,0.6159681870248881,0.6105,0.6443835616438356,0.7127272727272728,0.588,0.4502680166765932,0.5567010309278351,0.378,0.6199596774193549,0.625,0.615,0.6855095541401274,0.5694444444444444,0.861,0.52364016,0.59915054,0.17277578,0.43909037,0.08644025,0.5555493,0.1358723,0.49964187,0.12586388,825.0,679.0,984.0,1512.0,1.0,"[[588, 107, 110, 195], [102, 378, 229, 291], [80, 140, 615, 165], [55, 54, 30, 861]]"
1,5,CNN,0.53325,0.516275924152613,0.5334502396886518,0.53325,0.6833514689880305,0.7494033412887828,0.628,0.1829896907216494,0.2572463768115942,0.142,0.5562865497076024,0.4383640552995391,0.761,0.6424759871931697,0.6887871853546911,0.602,0.6249976,0.64146346,0.16901034,0.54001033,0.14857088,0.6567379,0.16434488,0.5998414,0.16657168,838.0,552.0,1736.0,874.0,1.0,"[[628, 43, 265, 64], [121, 142, 592, 145], [86, 90, 761, 63], [3, 277, 118, 602]]"
1,5,RF (PCA),0.49275,0.4734672538688289,0.4875689097750745,0.49275,0.5365333333333333,0.5748571428571428,0.503,0.2632911392405063,0.3586206896551724,0.208,0.5064655172413793,0.5490654205607477,0.47,0.5875790256600967,0.467732386027235,0.79,0.4323375,0.4452114285714285,0.0965794174210414,0.3615689655172413,0.050111466121646,0.51625,0.1557678542443461,0.4074422735346359,0.0656819697451071,875.0,580.0,856.0,1689.0,1.0,"[[503, 108, 92, 297], [143, 208, 270, 379], [135, 172, 470, 223], [94, 92, 24, 790]]"
1,5,ResNet,0.25,0.1000200040008001,0.0625156289072268,0.25,0.0,0.0,0.0,0.0,0.0,0.0,0.4000800160032006,0.2500625156289072,1.0,0.0,0.0,0.0,0.8210951,0.5168197,0.0,,,0.82117116,0.07050308,,,1.0,0.0,3999.0,0.0,1.0,"[[0, 0, 1000, 0], [1, 0, 999, 0], [0, 0, 1000, 0], [0, 0, 1000, 0]]"
1,5,XGBoost (PCA),0.611,0.6005051769824237,0.6167664046652017,0.611,0.6444201312910285,0.711352657004831,0.589,0.4525373134328358,0.5614814814814815,0.379,0.6195761856710393,0.6252545824847251,0.614,0.6854870775347912,0.568976897689769,0.862,0.52347034,0.59860545,0.17279996,0.43927896,0.0867896,0.55539995,0.13566016,0.4992211,0.12596571,828.0,675.0,982.0,1515.0,1.0,"[[589, 104, 110, 197], [104, 379, 228, 289], [80, 139, 614, 167], [55, 53, 30, 862]]"
1,10,CNN,0.3275,0.2618966623141575,0.5419156037566885,0.3275,0.340113913751017,0.9126637554585152,0.209,0.1330998248686515,0.1598877980364656,0.114,0.4663654618473896,0.3113270777479893,0.929,0.1080074487895716,0.7837837837837838,0.058,0.66083133,0.5841725,0.12564212,0.58522356,0.122946605,0.68837297,0.14341763,0.5159544,0.115192145,229.0,713.0,2984.0,74.0,1.0,"[[209, 73, 718, 0], [13, 114, 859, 14], [7, 62, 929, 2], [0, 464, 478, 58]]"
1,10,RF (PCA),0.49275,0.4736411100928667,0.487605355372554,0.49275,0.5353159851301115,0.5707814269535674,0.504,0.2681846932321315,0.3648881239242685,0.212,0.5026968716289104,0.5456674473067916,0.466,0.5883668903803132,0.4690844233055886,0.789,0.4324825,0.4454926387315968,0.0962493735306449,0.3611015490533562,0.0507210488817595,0.5168618266978923,0.1550311206030756,0.4074673008323424,0.0653009619918914,883.0,581.0,854.0,1682.0,1.0,"[[504, 107, 94, 295], [139, 212, 273, 376], [142, 170, 466, 222], [98, 92, 21, 789]]"
1,10,ResNet,0.25125,0.1316097838568014,0.1206702615990535,0.25125,0.1292175161521895,0.2290076335877862,0.09,0.0,0.0,0.0,0.3972216192750162,0.253673412808428,0.915,0.0,0.0,0.0,0.7397954,0.59215736,0.080163434,,,0.7558813,0.11496234,,,393.0,0.0,3607.0,0.0,1.0,"[[90, 0, 910, 0], [99, 0, 901, 0], [85, 0, 915, 0], [119, 0, 881, 0]]"
1,10,XGBoost (PCA),0.61025,0.5996667051902523,0.6164115563658543,0.61025,0.6437158469945355,0.7096385542168675,0.589,0.4524236983842011,0.563338301043219,0.378,0.618421052631579,0.6260245901639344,0.611,0.6841062227506937,0.5666447800393959,0.863,0.52316344,0.599007,0.17212078,0.44008094,0.085543916,0.5550902,0.13543604,0.49797475,0.12639438,830.0,671.0,976.0,1523.0,1.0,"[[589, 102, 108, 201], [104, 378, 227, 291], [81, 140, 611, 168], [56, 51, 30, 863]]"
1,20,CNN,0.25025,0.1005390180024105,0.1875312656328164,0.25025,0.0,0.0,0.0,0.0019960079840319,0.5,0.001,0.4001600640256102,0.2501250625312656,1.0,0.0,0.0,0.0,0.8986807,0.0,0.0,0.4861409,0.015355647,0.898887,0.056063697,0.0,0.0,0.0,2.0,3998.0,0.0,1.0,"[[0, 0, 1000, 0], [0, 1, 999, 0], [0, 0, 1000, 0], [0, 1, 999, 0]]"
1,20,RF (PCA),0.49225,0.4727000669769666,0.4858930093492379,0.4922500000000001,0.5425143453312468,0.5670665212649946,0.52,0.2587635436583811,0.3567662565905096,0.203,0.5051602390005432,0.5529131985731273,0.465,0.5843621399176955,0.4668260609683203,0.781,0.4336275,0.4482115594329334,0.095813494298645,0.3634270650263621,0.0500407079136944,0.5172057074910821,0.1539157289565262,0.407495517035266,0.0657314639536,917.0,569.0,841.0,1673.0,1.0,"[[520, 100, 85, 295], [149, 203, 268, 380], [147, 171, 465, 217], [101, 95, 23, 781]]"
1,20,ResNet,0.2495,0.1618265019175782,0.1235987253782519,0.2495,0.2790309106098579,0.2395982783357245,0.334,0.0,0.0,0.0,0.3682750970604548,0.2547966231772832,0.664,0.0,0.0,0.0,0.7450999,0.71244204,0.12990302,,,0.7625693,0.13813959,,,1394.0,0.0,2606.0,0.0,1.0,"[[334, 0, 666, 0], [357, 0, 643, 0], [336, 0, 664, 0], [367, 0, 633, 0]]"
1,20,XGBoost (PCA),0.60525,0.5941022531772744,0.6095148957116356,0.60525,0.6427423674343867,0.6920415224913494,0.6,0.4422960725075529,0.5587786259541985,0.366,0.611704834605598,0.6227979274611399,0.601,0.6796657381615598,0.5644415069398546,0.854,0.52238536,0.5994169,0.17422508,0.4356164,0.08185323,0.5511247,0.13480294,0.49747726,0.12486832,867.0,655.0,965.0,1513.0,1.0,"[[600, 99, 103, 198], [114, 366, 228, 292], [90, 140, 601, 169], [63, 50, 33, 854]]"
1,30,CNN,0.25,0.1,0.0625,0.25,0.0,0.0,0.0,0.0,0.0,0.0,0.4,0.25,1.0,0.0,0.0,0.0,0.9766227,0.0,0.0,0.0,0.0,0.9766227,0.012691293,0.0,0.0,0.0,0.0,4000.0,0.0,1.0,"[[0, 0, 1000, 0], [0, 0, 1000, 0], [0, 0, 1000, 0], [0, 0, 1000, 0]]"
1,30,RF (PCA),0.48875,0.4660001377695514,0.4786964456431858,0.48875,0.547783251231527,0.5398058252427185,0.556,0.2338177014531043,0.3443579766536965,0.177,0.5033333333333333,0.56625,0.453,0.579066265060241,0.4643719806763285,0.769,0.4375675,0.4559029126213592,0.0965276271698969,0.3610311284046692,0.0503789820518323,0.5208125,0.1469497017477408,0.4097041062801932,0.0649970038889442,1030.0,514.0,800.0,1656.0,1.0,"[[556, 86, 76, 282], [188, 177, 251, 384], [158, 168, 453, 221], [128, 83, 20, 769]]"
1,30,ResNet,0.25675,0.1709912443493219,0.1283242200621075,0.25675,0.3509785049727302,0.2583845063769485,0.547,0.0,0.0,0.0,0.3329864724245577,0.2549123738714817,0.48,0.0,0.0,0.0,0.79008496,0.79246885,0.14785394,,,0.78740484,0.14257394,,,2117.0,0.0,1883.0,0.0,1.0,"[[547, 0, 453, 0], [533, 0, 467, 0], [520, 0, 480, 0], [517, 0, 483, 0]]"
1,30,XGBoost (PCA),0.59125,0.5763366266381764,0.5914441332193981,0.59125,0.6376376376376376,0.6382765531062125,0.637,0.4005069708491762,0.5467128027681661,0.316,0.5976054138469548,0.6232356134636265,0.574,0.6695964842189372,0.5575515635395875,0.838,0.5197615,0.5962976,0.17614782,0.42547455,0.0772235,0.54299814,0.13184334,0.4909616,0.12396248,998.0,578.0,921.0,1503.0,1.0,"[[637, 78, 92, 193], [151, 316, 232, 301], [121, 134, 574, 171], [89, 50, 23, 838]]"
3,0,CNN,0.5115,0.455574046715446,0.4689368918844526,0.5115,0.603060306030603,0.5482815057283142,0.67,0.0988654781199351,0.2606837606837607,0.061,0.4823597455176402,0.5720164609053497,0.417,0.6380106571936057,0.4947658402203856,0.898,0.62796867,0.6451225,0.18914375,0.5724777,0.15256718,0.5748435,0.119168535,0.6449115,0.1418333,1222.0,234.0,729.0,1815.0,1.0,"[[670, 60, 45, 225], [260, 61, 260, 419], [275, 35, 417, 273], [17, 78, 7, 898]]"
3,0,RF (PCA),0.492,0.4746278598570935,0.4917594615398356,0.492,0.5296803652968036,0.6170212765957447,0.464,0.2682323856613102,0.3511326860841424,0.217,0.516028955532575,0.5342612419700214,0.499,0.5845697329376854,0.4646226415094339,0.788,0.43965,0.4486436170212766,0.0968082147236534,0.3646601941747573,0.0514479446090224,0.5242291220556745,0.1588401313641404,0.4164091981132075,0.0688347762749954,752.0,618.0,934.0,1696.0,1.0,"[[464, 113, 107, 316], [109, 217, 300, 374], [108, 175, 499, 218], [71, 113, 28, 788]]"
3,0,ResNet,0.547,0.5250854629449095,0.694073714017516,0.547,0.5440729483282675,0.3908296943231441,0.895,0.4860724233983287,0.8004587155963303,0.349,0.3569721115537849,0.8784313725490196,0.224,0.7132243684992571,0.7065750736015701,0.72,0.6991098,0.72768307,0.17568082,0.6098385,0.14810942,0.5877579,0.1292309,0.7009588,0.1649567,2290.0,436.0,255.0,1019.0,1.0,"[[895, 26, 16, 63], [491, 349, 13, 147], [640, 47, 224, 89], [264, 14, 2, 720]]"
3,0,XGBoost (PCA),0.59425,0.5814390380119341,0.6064047538792282,0.59425,0.6194379391100703,0.7471751412429378,0.529,0.4150030248033878,0.5252679938744257,0.343,0.6190009794319294,0.6065259117082533,0.632,0.6723142087023488,0.5466499686912962,0.873,0.521698,0.58895886,0.16503236,0.44032973,0.085832775,0.5633745,0.13507724,0.4979572,0.124535315,708.0,653.0,1042.0,1597.0,1.0,"[[529, 116, 119, 236], [85, 343, 256, 316], [64, 132, 632, 172], [30, 62, 35, 873]]"
3,1,CNN,0.509,0.4588288437789216,0.4737519158667294,0.509,0.6041767848470131,0.5873465533522191,0.622,0.110759493670886,0.2651515151515151,0.07,0.4988789237668161,0.5676020408163265,0.445,0.6215001728309714,0.4749075541468568,0.899,0.6337894,0.64408433,0.18627271,0.5755389,0.15722698,0.5924472,0.12737589,0.6532761,0.14692655,1059.0,264.0,784.0,1893.0,1.0,"[[622, 70, 59, 249], [209, 70, 271, 450], [217, 43, 445, 295], [11, 81, 9, 899]]"
3,1,RF (PCA),0.49175,0.4729979234238979,0.4914103403738644,0.49175,0.5337078651685393,0.6089743589743589,0.475,0.2645569620253165,0.3603448275862069,0.209,0.512041884816754,0.5373626373626373,0.489,0.5816849816849817,0.4589595375722543,0.794,0.440945,0.4501538461538462,0.0970565625362909,0.3664137931034482,0.0519572219542054,0.5261538461538461,0.1588369073752941,0.4169595375722543,0.0687115406568601,780.0,580.0,910.0,1730.0,1.0,"[[475, 102, 103, 320], [111, 209, 293, 387], [117, 165, 489, 229], [77, 104, 25, 794]]"
3,1,ResNet,0.294,0.1808126535502261,0.1586647523578997,0.294,0.2914218566392479,0.3532763532763532,0.248,0.0,0.0,0.0,0.4318287575616565,0.2813826561552456,0.928,0.0,0.0,0.0,0.65038157,0.5841594,0.07858973,,,0.6644774,0.10047935,,,702.0,0.0,3298.0,0.0,1.0,"[[248, 0, 752, 0], [131, 0, 869, 0], [72, 0, 928, 0], [251, 0, 749, 0]]"
3,1,XGBoost (PCA),0.5915,0.5782194300787821,0.6020693300611936,0.5915,0.6232718894009217,0.7350543478260869,0.541,0.4058679706601467,0.5220125786163522,0.332,0.615536862939139,0.6092066601371204,0.622,0.6682009973149213,0.5420037336652147,0.871,0.5221463,0.5891027,0.16550252,0.43984687,0.084461085,0.5601252,0.13557036,0.4999223,0.12463366,736.0,636.0,1021.0,1607.0,1.0,"[[541, 113, 117, 229], [89, 332, 250, 329], [69, 131, 622, 178], [37, 60, 32, 871]]"
3,3,CNN,0.48625,0.4568712100966005,0.4828894169457069,0.48625,0.5352286773794809,0.7006472491909385,0.433,0.1640419947506561,0.2385496183206107,0.125,0.5264750378214826,0.5310274669379451,0.522,0.6017391304347826,0.4613333333333333,0.865,0.639789,0.6057112,0.18031155,0.5842113,0.1639475,0.6455817,0.14955138,0.6635162,0.150621,618.0,524.0,983.0,1875.0,1.0,"[[433, 152, 110, 305], [90, 125, 339, 446], [92, 127, 522, 259], [3, 120, 12, 865]]"
3,3,RF (PCA),0.494,0.4751321738864337,0.4935592161545039,0.494,0.5351320966835301,0.6110397946084724,0.476,0.2664141414141414,0.3613013698630137,0.211,0.5131164742917104,0.5397350993377483,0.489,0.585865983156353,0.4621606008087811,0.8,0.440965,0.4506803594351733,0.0966256052297054,0.3662157534246575,0.0516994875419823,0.5266004415011037,0.15847273760785,0.4169901790872328,0.0686934214774005,779.0,584.0,906.0,1731.0,1.0,"[[476, 102, 103, 319], [111, 211, 290, 388], [117, 170, 489, 224], [75, 101, 24, 800]]"
3,3,ResNet,0.25025,0.1009950248756219,0.1625156445556946,0.25025,0.0039800995024875,0.4,0.002,0.0,0.0,0.0,0.4,0.2500625782227785,0.999,0.0,0.0,0.0,0.78893,0.5431093,0.0261323,,,0.7892376,0.07585759,,,5.0,0.0,3995.0,0.0,1.0,"[[2, 0, 998, 0], [0, 0, 1000, 0], [1, 0, 999, 0], [2, 0, 998, 0]]"
3,3,XGBoost (PCA),0.592,0.5787364784056401,0.6023466768001874,0.592,0.6221966647498562,0.7320703653585927,0.541,0.4080635308491142,0.5243328100470958,0.334,0.6154608523290387,0.6100196463654224,0.621,0.6692248656945511,0.5429638854296388,0.872,0.5222223,0.588701,0.16604824,0.44062045,0.0843239,0.56023955,0.13579088,0.4999004,0.12480613,739.0,637.0,1018.0,1606.0,1.0,"[[541, 112, 117, 230], [92, 334, 247, 327], [70, 132, 621, 177], [36, 59, 33, 872]]"
3,5,CNN,0.45125,0.4353294168504652,0.5132703131080614,0.45125,0.3657587548638132,0.8245614035087719,0.235,0.2392996108949416,0.2329545454545454,0.246,0.5550699300699301,0.4930124223602484,0.635,0.5811893715731759,0.5025528811086798,0.689,0.6349436,0.5584984,0.16280812,0.61006844,0.16288282,0.6758048,0.1671534,0.6316071,0.14539194,285.0,1056.0,1288.0,1371.0,1.0,"[[235, 334, 187, 244], [26, 246, 439, 289], [24, 192, 635, 149], [0, 284, 27, 689]]"
3,5,RF (PCA),0.49325,0.4739681534751392,0.4918747721075677,0.49325,0.5347533632286996,0.6084183673469388,0.477,0.2621912602913236,0.3575129533678756,0.207,0.5128474042999476,0.5391400220507166,0.489,0.5860805860805861,0.4624277456647399,0.8,0.44104,0.4505102040816327,0.0967125179093508,0.3670120898100172,0.0518022497922907,0.5261962513781698,0.1586880371300085,0.416878612716763,0.0686001420172046,784.0,579.0,907.0,1730.0,1.0,"[[477, 104, 101, 318], [113, 207, 293, 387], [116, 170, 489, 225], [78, 98, 24, 800]]"
3,5,ResNet,0.25075,0.1015555494812341,0.3125469101826369,0.25075,0.0059820538384845,1.0,0.003,0.0,0.0,0.0,0.4002401440864518,0.2501876407305479,1.0,0.0,0.0,0.0,0.82215023,0.56367046,0.02446438,,,0.82234424,0.06755203,,,3.0,0.0,3997.0,0.0,1.0,"[[3, 0, 997, 0], [0, 0, 1000, 0], [0, 0, 1000, 0], [0, 0, 1000, 0]]"
3,5,XGBoost (PCA),0.59175,0.5783828347269596,0.6019455684918209,0.59175,0.6234213547646383,0.7318059299191375,0.543,0.4056372549019608,0.5237341772151899,0.331,0.6165264720435428,0.6101860920666013,0.623,0.6679462571976967,0.5420560747663551,0.87,0.52220297,0.5884531,0.16602099,0.44016,0.08478784,0.5595967,0.13566855,0.50009346,0.12462213,742.0,632.0,1021.0,1605.0,1.0,"[[543, 110, 118, 229], [92, 331, 248, 329], [70, 130, 623, 177], [37, 61, 32, 870]]"
3,10,CNN,0.31275,0.2420654687578206,0.5381258054905198,0.31275,0.0275862068965517,0.9333333333333332,0.014,0.2451051486584481,0.19226393629124,0.338,0.5195567144719687,0.3853965183752418,0.797,0.176013805004314,0.6415094339622641,0.102,0.66128635,0.45004457,0.05481151,0.64163655,0.14443845,0.68815327,0.14531943,0.54903597,0.1309631,15.0,1758.0,2068.0,159.0,1.0,"[[14, 558, 407, 21], [0, 338, 637, 25], [1, 191, 797, 11], [0, 671, 227, 102]]"
3,10,RF (PCA),0.49225,0.4729742944843049,0.4904555589239522,0.4922499999999999,0.5310229178311906,0.6020278833967047,0.475,0.2638888888888889,0.3578767123287671,0.209,0.5097419694576093,0.5383759733036707,0.484,0.5872434017595308,0.4635416666666667,0.801,0.4408525,0.4504942965779467,0.0962760818402882,0.3664212328767123,0.0521362213490986,0.5277419354838709,0.1567868271046384,0.4164004629629629,0.0687529918525336,789.0,584.0,899.0,1728.0,1.0,"[[475, 101, 104, 320], [119, 209, 289, 383], [119, 173, 484, 224], [76, 101, 22, 801]]"
3,10,ResNet,0.24625,0.1305567540973487,0.1150595322395899,0.24625,0.1306740027510316,0.2092511013215859,0.095,0.0,0.0,0.0,0.3915530136383634,0.2509870276367738,0.89,0.0,0.0,0.0,0.73196346,0.5880773,0.071923986,,,0.7503854,0.116505496,,,454.0,0.0,3546.0,0.0,1.0,"[[95, 0, 905, 0], [118, 0, 882, 0], [110, 0, 890, 0], [131, 0, 869, 0]]"
3,10,XGBoost (PCA),0.592,0.578830472398622,0.6016431561906168,0.592,0.6216370921579851,0.7269076305220884,0.543,0.4085365853658536,0.5234375,0.335,0.6159203980099502,0.6128712871287129,0.619,0.6692278140606992,0.5433562071116657,0.871,0.52221215,0.58845377,0.16631363,0.43994865,0.0846718,0.5604911,0.13557729,0.50006884,0.12486107,747.0,640.0,1010.0,1603.0,1.0,"[[543, 114, 115, 228], [95, 335, 244, 326], [72, 131, 619, 178], [37, 60, 32, 871]]"
3,20,CNN,0.25075,0.1026287220843672,0.0880681818181818,0.25075,0.0,0.0,0.0,0.0076923076923076,0.1,0.004,0.4028225806451613,0.2522727272727272,0.999,0.0,0.0,0.0,0.8583786,0.0,0.0,0.5428575,0.06609227,0.86156565,0.09111547,0.0,0.0,0.0,40.0,3960.0,0.0,1.0,"[[0, 27, 973, 0], [0, 4, 996, 0], [0, 1, 999, 0], [0, 8, 992, 0]]"
3,20,RF (PCA),0.495,0.4764849184129442,0.4938791834562016,0.495,0.5347298787210585,0.5958230958230958,0.485,0.2743864065449968,0.3701188455008489,0.218,0.5093233883857219,0.5450399087799316,0.478,0.5875,0.4645348837209302,0.799,0.44204,0.4542874692874692,0.0946955339112438,0.3669100169779287,0.0524181993645118,0.5303648802736602,0.1546419089318149,0.4169360465116279,0.0691961862317649,814.0,589.0,877.0,1720.0,1.0,"[[485, 97, 99, 319], [125, 218, 277, 380], [124, 176, 478, 222], [80, 98, 23, 799]]"
3,20,ResNet,0.25375,0.1665476775361649,0.1271126619128993,0.25375,0.303941487200325,0.2559890485968514,0.374,0.0,0.0,0.0,0.3622492229443345,0.2524615990547459,0.641,0.0,0.0,0.0,0.7428872,0.7081477,0.13389985,,,0.76287717,0.13888246,,,1461.0,0.0,2539.0,0.0,1.0,"[[374, 0, 626, 0], [362, 0, 638, 0], [359, 0, 641, 0], [366, 0, 634, 0]]"
3,20,XGBoost (PCA),0.58925,0.575943585093617,0.5983524151634199,0.58925,0.6246482836240855,0.7142857142857143,0.555,0.4083898827884022,0.533011272141707,0.331,0.6056056056056056,0.6062124248496994,0.605,0.6651305683563749,0.5399002493765586,0.866,0.5211897,0.5900471,0.16838874,0.43834084,0.08236627,0.5571396,0.13410044,0.49754184,0.12476801,777.0,621.0,998.0,1604.0,1.0,"[[555, 102, 118, 225], [97, 331, 244, 328], [81, 129, 605, 185], [44, 59, 31, 866]]"
3,30,CNN,0.25,0.1,0.0625,0.25,0.0,0.0,0.0,0.0,0.0,0.0,0.4,0.25,1.0,0.0,0.0,0.0,0.9696454,0.0,0.0,0.0,0.0,0.9696454,0.017101783,0.0,0.0,0.0,0.0,4000.0,0.0,1.0,"[[0, 0, 1000, 0], [0, 0, 1000, 0], [0, 0, 1000, 0], [0, 0, 1000, 0]]"
3,30,RF (PCA),0.49525,0.4734960896520713,0.4884933137222367,0.4952499999999999,0.5427239772138788,0.5628356605800214,0.524,0.2491760052735662,0.3655705996131528,0.189,0.5180398492191707,0.5612602100350058,0.481,0.5840445269016697,0.4643067846607669,0.787,0.44439,0.4569709989258861,0.0969949017948372,0.3645261121856866,0.0486929529827952,0.5292998833138857,0.1486248907305811,0.4189085545722714,0.0701649166716462,931.0,517.0,857.0,1695.0,1.0,"[[524, 95, 85, 296], [156, 189, 272, 383], [148, 142, 481, 229], [103, 91, 19, 787]]"
3,30,ResNet,0.25075,0.1671419637273296,0.1254060397433891,0.25075,0.336260162601626,0.2491566265060241,0.517,0.0,0.0,0.0,0.3323076923076923,0.2524675324675324,0.486,0.0,0.0,0.0,0.7863111,0.7899093,0.14564556,,,0.78243256,0.15015237,,,2075.0,0.0,1925.0,0.0,1.0,"[[517, 0, 483, 0], [508, 0, 492, 0], [514, 0, 486, 0], [536, 0, 464, 0]]"
3,30,XGBoost (PCA),0.57775,0.5611995965512947,0.5785940036106133,0.57775,0.6248021108179419,0.6614525139664804,0.592,0.3696622052262587,0.5096660808435852,0.29,0.5898617511520737,0.6044071353620147,0.576,0.6604723190089044,0.5388502842703727,0.853,0.51744753,0.5849187,0.1715352,0.42332873,0.07857135,0.55035573,0.12963071,0.49331945,0.12330927,895.0,569.0,953.0,1583.0,1.0,"[[592, 94, 98, 216], [128, 290, 252, 330], [109, 131, 576, 184], [66, 54, 27, 853]]"
5,0,CNN,0.41625,0.4016532714741617,0.4480479016767649,0.41625,0.4048582995951417,0.6224066390041494,0.3,0.1935129191863661,0.2148962148962149,0.176,0.4960718294051627,0.5652173913043478,0.442,0.512170037709976,0.3896713615023474,0.747,0.60772926,0.5390469,0.14254147,0.663768,0.16444714,0.5746966,0.12583314,0.61453193,0.12768227,482.0,819.0,782.0,1917.0,1.0,"[[300, 301, 59, 340], [81, 176, 270, 473], [100, 101, 442, 357], [1, 241, 11, 747]]"
5,0,RF (PCA),0.48725,0.4656924546925389,0.4914008587157333,0.48725,0.5155772755039707,0.6624803767660911,0.422,0.2375478927203065,0.3286219081272085,0.186,0.5265225933202358,0.5173745173745173,0.536,0.5831220572256429,0.4571266325951164,0.805,0.454845,0.4552119309262167,0.0945176666459897,0.3718727915194346,0.053148482604506,0.5373841698841699,0.162517035342251,0.4328222600795003,0.0745087007614323,637.0,566.0,1036.0,1761.0,1.0,"[[422, 115, 123, 340], [88, 186, 334, 392], [79, 161, 536, 224], [48, 104, 43, 805]]"
5,0,ResNet,0.40925,0.3520480165585667,0.7167615778583374,0.40925,0.4647001934235977,0.3064413265306122,0.961,0.2534013605442177,0.8465909090909091,0.149,0.1183098591549295,0.9692307692307692,0.063,0.5717806531115218,0.7447833065810594,0.464,0.74448276,0.7747684,0.15819179,0.5823482,0.1297646,0.5587693,0.108416036,0.657213,0.14605808,3136.0,176.0,65.0,623.0,1.0,"[[961, 5, 2, 32], [782, 149, 0, 69], [862, 17, 63, 58], [531, 5, 0, 464]]"
5,0,XGBoost (PCA),0.56325,0.545711728488888,0.5844368241985576,0.56325,0.5708908406524467,0.765993265993266,0.455,0.3639774859287054,0.4858096828046744,0.291,0.5998098859315589,0.5715579710144928,0.631,0.6481687014428413,0.5143863769817968,0.876,0.5206145,0.5717498,0.15509652,0.44225076,0.08620316,0.5642813,0.13540334,0.502034,0.123674124,594.0,599.0,1104.0,1703.0,1.0,"[[455, 118, 146, 281], [72, 291, 286, 351], [51, 123, 631, 195], [16, 67, 41, 876]]"
5,1,CNN,0.401,0.382297716439988,0.456233216154171,0.401,0.3290371493555724,0.6802507836990596,0.217,0.1932418162618796,0.2046979865771812,0.183,0.5052283984589984,0.5618115055079559,0.459,0.5016835016835017,0.3781725888324873,0.745,0.62387794,0.52894455,0.1397856,0.6690503,0.1702933,0.5973856,0.13518153,0.62973785,0.1331986,319.0,894.0,817.0,1970.0,1.0,"[[217, 349, 63, 371], [42, 183, 286, 489], [59, 117, 459, 365], [1, 245, 9, 745]]"
5,1,RF (PCA),0.48625,0.4641720940057116,0.4890834137550595,0.48625,0.5177177177177177,0.6481203007518797,0.431,0.2341526520051746,0.3315018315018315,0.181,0.5262106839740389,0.5254237288135594,0.527,0.5786073223259153,0.4512877939529675,0.806,0.4556475,0.4564210526315789,0.0939803379313405,0.3716483516483517,0.0521956814683897,0.5408374875373879,0.1618280924806346,0.4331970884658455,0.0747180014799806,665.0,546.0,1003.0,1786.0,1.0,"[[431, 110, 118, 341], [93, 181, 322, 404], [83, 155, 527, 235], [58, 100, 36, 806]]"
5,1,ResNet,0.2935,0.1818539078268235,0.1592322127781694,0.2935,0.2990110529377545,0.3574408901251738,0.257,0.0,0.0,0.0,0.4284045783695398,0.2794879609875038,0.917,0.0,0.0,0.0,0.64981216,0.5848292,0.07956478,,,0.6640526,0.10048897,,,719.0,0.0,3281.0,0.0,1.0,"[[257, 0, 743, 0], [118, 0, 882, 0], [83, 0, 917, 0], [261, 0, 739, 0]]"
5,1,XGBoost (PCA),0.5605,0.542787024862564,0.5795187558564844,0.5605,0.573729863692689,0.754071661237785,0.463,0.3561128526645768,0.4773109243697479,0.284,0.5954567423876269,0.5762394761459307,0.616,0.6458486407053637,0.5104529616724739,0.879,0.5208677,0.5744711,0.15499675,0.44008675,0.083745115,0.563644,0.13480495,0.5031118,0.12455624,614.0,595.0,1069.0,1722.0,1.0,"[[463, 118, 141, 278], [73, 284, 277, 366], [55, 130, 616, 199], [23, 63, 35, 879]]"
5,3,CNN,0.37125,0.3266232312968129,0.502027011327313,0.37125,0.069164265129683,0.8780487804878049,0.036,0.2116257947320617,0.1938435940099833,0.233,0.5209643605870021,0.5473568281938326,0.497,0.5047385047385048,0.3888588426176311,0.719,0.6693378,0.5234805,0.12779067,0.69201815,0.17736694,0.6674659,0.14670381,0.6587473,0.13232276,41.0,1202.0,908.0,1849.0,1.0,"[[36, 495, 97, 372], [2, 233, 304, 461], [3, 203, 497, 297], [0, 271, 10, 719]]"
5,3,RF (PCA),0.48775,0.4655008987994876,0.4909724574536812,0.48775,0.518918918918919,0.649624060150376,0.432,0.236210253082414,0.3364140480591497,0.182,0.5269461077844312,0.5258964143426295,0.528,0.5799283154121864,0.4519553072625698,0.809,0.45552,0.4568872180451128,0.0937301882132234,0.3728650646950092,0.0524740786236287,0.5397709163346615,0.1619909965980875,0.4327374301675978,0.0748248852943841,665.0,541.0,1004.0,1790.0,1.0,"[[432, 113, 118, 337], [91, 182, 320, 407], [84, 151, 528, 237], [58, 95, 38, 809]]"
5,3,ResNet,0.25175,0.1036324786324786,0.281375250501002,0.25175,0.0138888888888888,0.875,0.007,0.0,0.0,0.0,0.4006410256410256,0.250501002004008,1.0,0.0,0.0,0.0,0.79106593,0.5251951,0.013068172,,,0.7915987,0.07342154,,,8.0,0.0,3992.0,0.0,1.0,"[[7, 0, 993, 0], [0, 0, 1000, 0], [0, 0, 1000, 0], [1, 0, 999, 0]]"
5,3,XGBoost (PCA),0.56025,0.542632583267961,0.5792322514656492,0.56025,0.5749690210656754,0.755700325732899,0.464,0.3544145272385723,0.474036850921273,0.283,0.5960328979196904,0.5773195876288659,0.616,0.6451138868479059,0.5098722415795587,0.878,0.5208501,0.5749163,0.15514767,0.43964046,0.08350966,0.5640073,0.13425405,0.5029855,0.12480166,614.0,597.0,1067.0,1722.0,1.0,"[[464, 121, 137, 278], [73, 283, 278, 366], [54, 130, 616, 200], [23, 63, 36, 878]]"
5,5,CNN,0.35825,0.3177564575017126,0.2901784954542639,0.35825,0.0,0.0,0.0,0.268176835951772,0.2112838226827864,0.367,0.5332681017612525,0.5220306513409961,0.545,0.469580892293826,0.4273995077932732,0.521,0.6887808,0.0,0.0,0.7164736,0.17385131,0.7171668,0.15096933,0.62500924,0.120409206,0.0,1737.0,1044.0,1219.0,1.0,"[[0, 626, 134, 240], [0, 367, 345, 288], [0, 285, 545, 170], [0, 459, 20, 521]]"
5,5,RF (PCA),0.4895,0.468328658342216,0.4941357942669547,0.4895,0.5209580838323353,0.6492537313432836,0.435,0.2464516129032258,0.3472727272727273,0.191,0.526579739217653,0.528169014084507,0.525,0.5793251974156497,0.4518477043673012,0.807,0.4554574999999999,0.4561641791044776,0.0942641726174451,0.3723636363636364,0.0523506928447209,0.5414889336016097,0.1614160064588277,0.4329003359462486,0.0748076153663277,670.0,550.0,994.0,1786.0,1.0,"[[435, 110, 117, 338], [91, 191, 314, 404], [86, 152, 525, 237], [58, 97, 38, 807]]"
5,5,ResNet,0.2505,0.1011141799582958,0.1459272241695877,0.2505,0.003976143141153,0.3333333333333333,0.002,0.0,0.0,0.0,0.4004805766920304,0.2503755633450175,1.0,0.0,0.0,0.0,0.82148373,0.5143533,0.008933018,,,0.8219451,0.07007012,,,6.0,0.0,3994.0,0.0,1.0,"[[2, 0, 998, 0], [1, 0, 999, 0], [0, 0, 1000, 0], [3, 0, 997, 0]]"
5,5,XGBoost (PCA),0.5615,0.5438380934166915,0.5802720895020773,0.5615,0.5753254804711717,0.7569331158238173,0.464,0.355,0.4733333333333333,0.284,0.5979680696661829,0.5791940018744143,0.618,0.6470588235294118,0.5116279069767442,0.88,0.520884,0.57625264,0.1545399,0.43902048,0.08368689,0.5637574,0.13450924,0.50311136,0.12488318,613.0,600.0,1067.0,1720.0,1.0,"[[464, 123, 134, 279], [73, 284, 279, 364], [53, 132, 618, 197], [23, 61, 36, 880]]"
5,10,CNN,0.3055,0.2327781631023139,0.3241517705512755,0.3055,0.0,0.0,0.0,0.289871944121071,0.2044334975369458,0.498,0.5399515738498789,0.4526387009472259,0.669,0.1012891344383057,0.6395348837209303,0.055,0.72548324,0.0,0.0,0.7380061,0.1518535,0.71514374,0.13630955,0.5484603,0.091466434,0.0,2436.0,1478.0,86.0,1.0,"[[0, 789, 201, 10], [0, 498, 489, 13], [0, 323, 669, 8], [0, 826, 119, 55]]"
5,10,RF (PCA),0.49025,0.4688713120261676,0.4944885482695646,0.49025,0.5224685440383463,0.6517189835575485,0.436,0.2440284054228534,0.3442622950819672,0.189,0.5285285285285285,0.5290581162324649,0.528,0.5804597701149425,0.452914798206278,0.808,0.455415,0.4577130044843049,0.0934027146843445,0.3728597449908925,0.0516434850227031,0.5398096192384769,0.1609443070369079,0.4327466367713004,0.0750782158662371,669.0,549.0,998.0,1784.0,1.0,"[[436, 110, 117, 337], [93, 189, 313, 405], [83, 155, 528, 234], [57, 95, 40, 808]]"
5,10,ResNet,0.25175,0.1342019293140082,0.121772677989424,0.25175,0.1399580125962211,0.2331002331002331,0.1,0.0,0.0,0.0,0.3968497046598118,0.2539904788574629,0.907,0.0,0.0,0.0,0.7331846,0.5903615,0.07258795,,,0.7503426,0.11774937,,,429.0,0.0,3571.0,0.0,1.0,"[[100, 0, 900, 0], [113, 0, 887, 0], [93, 0, 907, 0], [123, 0, 877, 0]]"
5,10,XGBoost (PCA),0.562,0.5446830341926339,0.5803996083216102,0.562,0.5723114956736712,0.7491909385113269,0.463,0.3605739238927012,0.4792703150912106,0.289,0.5998062015503876,0.581766917293233,0.619,0.6460405156537753,0.5113702623906705,0.877,0.5207716,0.57718843,0.15442708,0.43841356,0.08417839,0.5632496,0.13445604,0.50304556,0.124739364,618.0,603.0,1064.0,1715.0,1.0,"[[463, 126, 133, 278], [75, 289, 274, 362], [55, 128, 619, 198], [25, 60, 38, 877]]"
5,20,CNN,0.25425,0.1139850177080307,0.0942434952624454,0.25425,0.0,0.0,0.0,0.0410509031198686,0.1146788990825688,0.025,0.4148891677122543,0.2622950819672131,0.992,0.0,0.0,0.0,0.8330712,0.0,0.0,0.63483745,0.1076925,0.8444977,0.104773596,0.0,0.0,0.0,218.0,3782.0,0.0,1.0,"[[0, 154, 846, 0], [0, 25, 975, 0], [0, 8, 992, 0], [0, 31, 969, 0]]"
5,20,RF (PCA),0.487,0.4648465485626854,0.4880685078026979,0.487,0.5268120212139069,0.6413199426111909,0.447,0.2330729166666666,0.333955223880597,0.179,0.520686175580222,0.5254582484725051,0.516,0.5788150807899461,0.4515406162464986,0.806,0.455745,0.4580487804878048,0.0937436470651948,0.3741977611940298,0.0528419044003846,0.540264765784114,0.1594732008620045,0.4328347338935574,0.0751016351371881,697.0,536.0,982.0,1785.0,1.0,"[[447, 105, 119, 329], [102, 179, 310, 409], [87, 156, 516, 241], [61, 96, 37, 806]]"
5,20,ResNet,0.2575,0.1667482038450232,0.1268614116235201,0.2575,0.2825278810408922,0.2406755805770584,0.342,0.0,0.0,0.0,0.3844649343392008,0.2667700659170221,0.688,0.0,0.0,0.0,0.7460848,0.708479,0.13076147,,,0.7668052,0.1382076,,,1421.0,0.0,2579.0,0.0,1.0,"[[342, 0, 658, 0], [367, 0, 633, 0], [312, 0, 688, 0], [400, 0, 600, 0]]"
5,20,XGBoost (PCA),0.5615,0.5436069378226971,0.5778556380028013,0.5615,0.5811965811965812,0.7460815047021944,0.476,0.3517587939698492,0.4729729729729729,0.28,0.5926650366748166,0.5799043062200957,0.606,0.6488073394495413,0.5124637681159421,0.884,0.5192102,0.5795188,0.15491524,0.43575576,0.082179956,0.56080407,0.13318557,0.500348,0.12528513,638.0,592.0,1045.0,1725.0,1.0,"[[476, 122, 130, 272], [79, 280, 275, 366], [60, 131, 606, 203], [23, 59, 34, 884]]"
5,30,CNN,0.25,0.1,0.0625,0.25,0.0,0.0,0.0,0.0,0.0,0.0,0.4,0.25,1.0,0.0,0.0,0.0,0.96179783,0.0,0.0,0.0,0.0,0.96179783,0.029785924,0.0,0.0,0.0,0.0,4000.0,0.0,1.0,"[[0, 0, 1000, 0], [0, 0, 1000, 0], [0, 0, 1000, 0], [0, 0, 1000, 0]]"
5,30,RF (PCA),0.493,0.4669696827671173,0.4836509959948608,0.493,0.5415041782729805,0.6113207547169811,0.486,0.2110960757780784,0.3263598326359833,0.156,0.5271711528694769,0.5356037151702786,0.519,0.5881073241479333,0.4613196814562002,0.811,0.4570425,0.462188679245283,0.0928134105612794,0.3680125523012552,0.0505867647012716,0.5378328173374614,0.1534953901426859,0.4343913538111491,0.0749664268753886,795.0,478.0,969.0,1758.0,1.0,"[[486, 96, 105, 313], [128, 156, 315, 401], [109, 139, 519, 233], [72, 87, 30, 811]]"
5,30,ResNet,0.25625,0.1708733974358974,0.1283244680851064,0.25625,0.3397435897435897,0.25,0.53,0.0,0.0,0.0,0.34375,0.2632978723404255,0.495,0.0,0.0,0.0,0.7852638,0.79007304,0.14709215,,,0.77984047,0.14857572,,,2120.0,0.0,1880.0,0.0,1.0,"[[530, 0, 470, 0], [557, 0, 443, 0], [505, 0, 495, 0], [528, 0, 472, 0]]"
5,30,XGBoost (PCA),0.56125,0.5423964772423197,0.5703034170169881,0.56125,0.5942528735632184,0.6986486486486486,0.517,0.3441138421733505,0.4871794871794871,0.266,0.584247258225324,0.5825049701789264,0.586,0.6469719350073855,0.5128805620608899,0.876,0.5156245,0.57419425,0.15967639,0.42655933,0.07634211,0.55364114,0.13070594,0.49632892,0.1245555,740.0,546.0,1006.0,1708.0,1.0,"[[517, 100, 121, 262], [103, 266, 266, 365], [84, 125, 586, 205], [36, 55, 33, 876]]"
7,0,CNN,0.36275,0.3601731866331789,0.4312214409623224,0.36275,0.2761830876648565,0.615916955017301,0.178,0.2324414715719063,0.1997126436781609,0.278,0.5021691973969631,0.5485781990521327,0.463,0.4298989898989899,0.3606779661016949,0.532,0.61773944,0.507047,0.13476188,0.70107293,0.17350896,0.5883706,0.12770836,0.5775883,0.11876307,289.0,1392.0,844.0,1475.0,1.0,"[[178, 486, 72, 264], [46, 278, 296, 380], [64, 174, 463, 299], [1, 454, 13, 532]]"
7,0,RF (PCA),0.4855,0.4602686899092149,0.5006837159437216,0.4854999999999999,0.4964169381107491,0.7121495327102804,0.381,0.2323432343234323,0.341747572815534,0.176,0.5302889095992545,0.4965095986038394,0.569,0.5820256776034237,0.4523281596452328,0.816,0.4742125,0.4559252336448598,0.0926768782155858,0.3794174757281553,0.0523028010298664,0.5617364746945899,0.1639170511702826,0.4510975609756098,0.0819598721147531,535.0,515.0,1146.0,1804.0,1.0,"[[381, 106, 157, 356], [65, 176, 368, 391], [58, 132, 569, 241], [31, 101, 52, 816]]"
7,0,ResNet,0.3105,0.2103474875804444,0.7005679630342704,0.3105,0.4235294117647059,0.2693877551020408,0.99,0.0428015564202334,0.7857142857142857,0.022,0.0620155038759689,1.0,0.032,0.3130434782608696,0.7471698113207547,0.198,0.8108152,0.82757914,0.13529003,0.5766339,0.10846475,0.5412828,0.117183276,0.63562566,0.13130622,3675.0,28.0,32.0,265.0,1.0,"[[990, 0, 0, 10], [953, 22, 0, 25], [932, 4, 32, 32], [800, 2, 0, 198]]"
7,0,XGBoost (PCA),0.543,0.52086299406004,0.5747342742144883,0.543,0.5177733065057009,0.7861507128309573,0.386,0.3418043202033037,0.4686411149825784,0.269,0.588724584103512,0.5472508591065293,0.637,0.6351497654276435,0.4968944099378882,0.88,0.52037364,0.5481825,0.14030883,0.44298762,0.08322342,0.5682423,0.13565072,0.50628346,0.12412169,491.0,574.0,1164.0,1771.0,1.0,"[[386, 137, 160, 317], [54, 269, 311, 366], [41, 114, 637, 208], [10, 54, 56, 880]]"
7,1,CNN,0.349,0.3334143742265286,0.4356948430139486,0.349,0.1641921397379912,0.6482758620689655,0.094,0.2340080971659919,0.1965986394557823,0.289,0.5079702444208289,0.5419501133786848,0.478,0.4274870155813024,0.3559547571523619,0.535,0.6377511,0.5069451,0.13355505,0.7057031,0.17677002,0.61258507,0.13838801,0.59867835,0.12298608,145.0,1470.0,882.0,1503.0,1.0,"[[94, 537, 85, 284], [23, 289, 306, 382], [28, 192, 478, 302], [0, 452, 13, 535]]"
7,1,RF (PCA),0.48775,0.4624689613928011,0.5013684593458484,0.48775,0.5003215434083601,0.7009009009009008,0.389,0.2347480106100795,0.3484251968503937,0.177,0.5319451017510648,0.504941599281222,0.562,0.5828611898016998,0.4512061403508772,0.823,0.474495,0.4586126126126126,0.0915219829026639,0.3790944881889763,0.0515962418626041,0.56303683737646,0.1644270060912628,0.4518695175438596,0.0822295038758107,555.0,508.0,1113.0,1824.0,1.0,"[[389, 104, 152, 355], [69, 177, 352, 402], [61, 133, 562, 244], [36, 94, 47, 823]]"
7,1,ResNet,0.295,0.1834846197901762,0.1620605794039991,0.295,0.3057996485061511,0.3691654879773691,0.261,0.0,0.0,0.0,0.4281388306545539,0.2790768296386274,0.919,0.0,0.0,0.0,0.6499159,0.5850945,0.0788074,,,0.6638329,0.09972494,,,707.0,0.0,3293.0,0.0,1.0,"[[261, 0, 739, 0], [115, 0, 885, 0], [81, 0, 919, 0], [250, 0, 750, 0]]"
7,1,XGBoost (PCA),0.5395,0.5169137625629229,0.568653303787767,0.5395,0.5242203052422031,0.7790927021696252,0.395,0.3271565495207668,0.4530973451327433,0.256,0.5827067669172933,0.549645390070922,0.62,0.6335714285714286,0.4927777777777777,0.887,0.51972884,0.5515924,0.13815689,0.43984163,0.08238546,0.56745684,0.1348771,0.5059201,0.12557063,507.0,565.0,1128.0,1800.0,1.0,"[[395, 134, 154, 317], [58, 256, 308, 378], [41, 121, 620, 218], [13, 54, 46, 887]]"
7,3,CNN,0.3375,0.3021217574037139,0.5259244759220381,0.3375,0.0119284294234592,1.0,0.006,0.2480505012996658,0.1972829297105729,0.334,0.5248081841432225,0.53717277486911,0.513,0.4236999147485081,0.3692421991084695,0.497,0.68751,0.4195932,0.076574214,0.72769815,0.1719,0.6874167,0.1478143,0.63822186,0.12234777,6.0,1693.0,955.0,1346.0,1.0,"[[6, 614, 109, 271], [0, 334, 319, 347], [0, 256, 513, 231], [0, 489, 14, 497]]"
7,3,RF (PCA),0.489,0.463767014053141,0.5027203223299284,0.489,0.5019255455712451,0.7007168458781362,0.391,0.2375580623755806,0.3530571992110454,0.179,0.5308056872037915,0.5045045045045045,0.56,0.5847787610619469,0.4526027397260274,0.826,0.47429,0.4580286738351254,0.0912697323999755,0.3786587771203156,0.0515764874729079,0.5631801801801801,0.1641573458659993,0.4517643835616438,0.0823647706473956,558.0,507.0,1110.0,1825.0,1.0,"[[391, 100, 154, 355], [70, 179, 350, 401], [62, 135, 560, 243], [35, 93, 46, 826]]"
7,3,ResNet,0.251,0.1025402548840049,0.218812625250501,0.251,0.0099206349206349,0.625,0.005,0.0,0.0,0.0,0.4002403846153846,0.250250501002004,0.999,0.0,0.0,0.0,0.7902173,0.5325958,0.022412522,,,0.7907336,0.072852276,,,8.0,0.0,3992.0,0.0,1.0,"[[5, 0, 995, 0], [0, 0, 1000, 0], [1, 0, 999, 0], [2, 0, 998, 0]]"
7,3,XGBoost (PCA),0.53975,0.5171930641767176,0.5688015091723728,0.53975,0.5255474452554745,0.7810650887573964,0.396,0.3265306122448979,0.4507042253521127,0.256,0.5819209039548022,0.5498220640569395,0.618,0.6347732952516958,0.4936146585230427,0.889,0.51952064,0.55189747,0.13834313,0.43937302,0.0821623,0.56773406,0.13471201,0.50559336,0.12554637,507.0,568.0,1124.0,1801.0,1.0,"[[396, 135, 153, 316], [58, 256, 307, 379], [41, 124, 618, 217], [12, 53, 46, 889]]"
7,5,CNN,0.331,0.2954482309203904,0.2837348692890833,0.331,0.0,0.0,0.0,0.286624203821656,0.2102803738317757,0.45,0.5344406448461163,0.5224450811843362,0.547,0.3607280750137893,0.4022140221402214,0.327,0.7149468,0.0,0.0,0.74824464,0.16699061,0.7371185,0.14938746,0.598746,0.11657883,0.0,2140.0,1047.0,813.0,1.0,"[[0, 702, 135, 163], [0, 450, 343, 207], [0, 337, 547, 116], [0, 651, 22, 327]]"
7,5,RF (PCA),0.488,0.4625825484625585,0.5015667526317097,0.488,0.5044929396662388,0.7043010752688172,0.393,0.2328675981370592,0.3479125248508946,0.175,0.5291055371509702,0.5022461814914645,0.559,0.583864118895966,0.4518072289156626,0.825,0.474065,0.458100358422939,0.0912339383412109,0.3783300198807157,0.0513243538450696,0.5624618149146451,0.1639441280233233,0.4514348302300109,0.0823572506080029,558.0,503.0,1113.0,1826.0,1.0,"[[393, 99, 154, 354], [67, 175, 355, 403], [62, 135, 559, 244], [36, 94, 45, 825]]"
7,5,ResNet,0.25,0.1004389779864041,0.1874687343671836,0.25,0.0019960079840319,0.5,0.001,0.0,0.0,0.0,0.3997599039615846,0.2498749374687343,0.999,0.0,0.0,0.0,0.8223169,0.54690695,0.042800903,,,0.82245463,0.06851371,,,2.0,0.0,3998.0,0.0,1.0,"[[1, 0, 999, 0], [0, 0, 1000, 0], [1, 0, 999, 0], [0, 0, 1000, 0]]"
7,5,XGBoost (PCA),0.54075,0.5182121426722996,0.5699338782621419,0.54075,0.528476821192053,0.7823529411764706,0.399,0.3262955854126679,0.452930728241563,0.255,0.5835294117647059,0.5511111111111111,0.62,0.6345467523197716,0.4933407325194228,0.889,0.5194193,0.55106175,0.13882534,0.4402916,0.08222501,0.5672436,0.13451263,0.5053289,0.12550543,510.0,563.0,1125.0,1802.0,1.0,"[[399, 133, 153, 315], [58, 255, 306, 381], [41, 122, 620, 217], [12, 53, 46, 889]]"
7,10,CNN,0.299,0.21675930808061,0.3723732392569154,0.299,0.0,0.0,0.0,0.3011583011583011,0.2079207920792079,0.546,0.5402883799830365,0.4690721649484536,0.637,0.0255905511811023,0.8125,0.013,0.7621594,0.0,0.0,0.78067285,0.14705797,0.72951734,0.13307995,0.4941544,0.069086015,0.0,2626.0,1358.0,16.0,1.0,"[[0, 822, 177, 1], [0, 546, 452, 2], [0, 363, 637, 0], [0, 895, 92, 13]]"
7,10,RF (PCA),0.4885,0.4631177178002448,0.5008746976389545,0.4885,0.5015994881637876,0.6962699822380106,0.392,0.2362309223623092,0.3510848126232742,0.178,0.5284090909090909,0.5017985611510791,0.558,0.5862313697657914,0.4543454345434543,0.826,0.4737475,0.4577619893428063,0.091023196022551,0.3783826429980275,0.0520785661835697,0.5610791366906475,0.1636029394446754,0.4518756875687568,0.0822072560742658,563.0,507.0,1112.0,1818.0,1.0,"[[392, 105, 153, 350], [68, 178, 353, 401], [66, 135, 558, 241], [37, 89, 48, 826]]"
7,10,ResNet,0.2485,0.1279109794061302,0.1143518937508484,0.2485,0.1149425287356321,0.2040816326530612,0.08,0.0,0.0,0.0,0.3967013888888889,0.2533259423503325,0.914,0.0,0.0,0.0,0.7362006,0.59031445,0.073822856,,,0.7520507,0.116458155,,,392.0,0.0,3608.0,0.0,1.0,"[[80, 0, 920, 0], [97, 0, 903, 0], [86, 0, 914, 0], [129, 0, 871, 0]]"
7,10,XGBoost (PCA),0.544,0.5221266163696884,0.5721137977363695,0.544,0.5361366622864652,0.7816091954022989,0.408,0.3303571428571428,0.4559859154929577,0.259,0.5846736045411542,0.5547576301615799,0.618,0.6373390557939914,0.4961024498886414,0.891,0.5191484,0.5483362,0.13946113,0.43989605,0.08221235,0.56830204,0.13341606,0.505241,0.12558465,522.0,568.0,1114.0,1796.0,1.0,"[[408, 133, 150, 309], [59, 259, 304, 378], [41, 123, 618, 218], [14, 53, 42, 891]]"
7,20,CNN,0.25425,0.1166993375409318,0.0930922646594751,0.25425,0.0,0.0,0.0,0.0480247869868319,0.1065292096219931,0.031,0.4187725631768953,0.2658398490159072,0.986,0.0,0.0,0.0,0.8290064,0.0,0.0,0.65614724,0.11895843,0.84256846,0.108617075,0.0,0.0,0.0,291.0,3709.0,0.0,1.0,"[[0, 182, 818, 0], [0, 31, 969, 0], [0, 14, 986, 0], [0, 64, 936, 0]]"
7,20,RF (PCA),0.4895,0.4633166615189378,0.4977138963263091,0.4895,0.5103969754253308,0.6899488926746167,0.405,0.2253521126760563,0.3421588594704684,0.168,0.5299952763344355,0.5022381378692927,0.561,0.5875222816399287,0.4565096952908587,0.824,0.4734675,0.4580579216354344,0.090794205687814,0.3787780040733197,0.0522812931158513,0.5571978513876455,0.1615838384925622,0.4524210526315789,0.0823340940746384,587.0,491.0,1117.0,1805.0,1.0,"[[405, 102, 148, 345], [73, 168, 363, 396], [67, 132, 561, 240], [42, 89, 45, 824]]"
7,20,ResNet,0.2575,0.1682449732584625,0.1285193982839765,0.2575,0.3005351996706463,0.2554233729881036,0.365,0.0,0.0,0.0,0.3724446933632035,0.2586542201478024,0.665,0.0,0.0,0.0,0.7498805,0.71408844,0.12950285,,,0.76977426,0.136364,,,1429.0,0.0,2571.0,0.0,1.0,"[[365, 0, 635, 0], [359, 0, 641, 0], [335, 0, 665, 0], [370, 0, 630, 0]]"
7,20,XGBoost (PCA),0.54275,0.5204773208387747,0.5680391227946294,0.54275,0.5438027255029202,0.7744916820702403,0.419,0.3221649484536082,0.4528985507246377,0.25,0.5772319319792159,0.5470008952551477,0.611,0.6387096774193548,0.4977653631284916,0.891,0.51788294,0.5510765,0.1391937,0.43803906,0.080519274,0.56327283,0.13339894,0.5041486,0.12575048,541.0,552.0,1117.0,1790.0,1.0,"[[419, 123, 153, 305], [64, 250, 308, 378], [44, 129, 611, 216], [14, 50, 45, 891]]"
7,30,CNN,0.25,0.1000200040008001,0.0625156289072268,0.25,0.0,0.0,0.0,0.0,0.0,0.0,0.4000800160032006,0.2500625156289072,1.0,0.0,0.0,0.0,0.9583368,0.0,0.0,0.4971236,0.0,0.95845217,0.03681616,0.0,0.0,0.0,1.0,3999.0,0.0,1.0,"[[0, 1, 999, 0], [0, 0, 1000, 0], [0, 0, 1000, 0], [0, 0, 1000, 0]]"
7,30,RF (PCA),0.4955,0.467182168995642,0.4933428172496213,0.4955,0.5300059417706476,0.6530014641288433,0.446,0.2089965397923875,0.3393258426966292,0.151,0.5403576607056549,0.5229186155285314,0.559,0.589368533713878,0.4581253466444814,0.826,0.4732024999999999,0.457774524158126,0.0925703980202876,0.375752808988764,0.0500757361008519,0.5577829747427502,0.1544865228246865,0.4529506378258458,0.0820666997601407,683.0,445.0,1069.0,1803.0,1.0,"[[446, 97, 130, 327], [98, 151, 344, 407], [83, 115, 559, 243], [56, 82, 36, 826]]"
7,30,ResNet,0.2555,0.1703778920802729,0.1278198347185986,0.2555,0.334538284587578,0.2491434165442976,0.509,0.0,0.0,0.0,0.3469732837335137,0.2621359223300971,0.513,0.0,0.0,0.0,0.7828776,0.7854465,0.15044847,,,0.78019595,0.14686972,,,2043.0,0.0,1957.0,0.0,1.0,"[[509, 0, 491, 0], [515, 0, 485, 0], [487, 0, 513, 0], [532, 0, 468, 0]]"
7,30,XGBoost (PCA),0.54425,0.5217730322003199,0.5615806599957894,0.54425,0.5592592592592592,0.7306451612903225,0.453,0.3181518151815181,0.4679611650485437,0.241,0.5712914066250601,0.5493998153277931,0.595,0.6383896477354422,0.4983164983164983,0.888,0.5135412,0.55085963,0.14278528,0.42656326,0.07709437,0.55496836,0.13063452,0.50051683,0.1251084,620.0,515.0,1083.0,1782.0,1.0,"[[453, 106, 145, 296], [80, 241, 300, 379], [66, 120, 595, 219], [21, 48, 43, 888]]"
9,0,CNN,0.3425,0.3424578447417064,0.4254848586028826,0.3425,0.2387096774193548,0.6166666666666667,0.148,0.2548736462093863,0.1994350282485875,0.353,0.5093555093555093,0.5303030303030303,0.49,0.366892545982575,0.3555347091932457,0.379,0.6297938,0.5155617,0.13485269,0.7150581,0.18194073,0.5965679,0.13100608,0.5427384,0.1096137,240.0,1770.0,924.0,1066.0,1.0,"[[148, 577, 96, 179], [38, 353, 321, 288], [53, 237, 490, 220], [1, 603, 17, 379]]"
9,0,RF (PCA),0.4825,0.4493215206829082,0.505543466085937,0.4825,0.4630269523151347,0.7494407158836689,0.335,0.2069444444444444,0.3386363636363636,0.149,0.544425087108014,0.482253086419753,0.625,0.5828895988640398,0.4518436984039626,0.821,0.492835,0.453579418344519,0.0862371856790626,0.3814545454545454,0.0531179881128514,0.580925925925926,0.166003516084864,0.46663181067694,0.0877768806819144,447.0,440.0,1296.0,1817.0,1.0,"[[335, 94, 209, 362], [46, 149, 405, 400], [44, 97, 625, 234], [22, 100, 57, 821]]"
9,0,ResNet,0.28575,0.1684209359333861,0.682750652934282,0.28575,0.4144106622240733,0.2617043661230931,0.995,0.0119047619047619,0.75,0.006,0.0372914622178606,1.0,0.019,0.2100768573868488,0.7192982456140351,0.123,0.83937985,0.8503677,0.12691012,0.50206524,0.019078512,0.5837493,0.12303344,0.63925904,0.12638928,3802.0,8.0,19.0,171.0,1.0,"[[995, 0, 0, 5], [976, 6, 0, 18], [954, 2, 19, 25], [877, 0, 0, 123]]"
9,0,XGBoost (PCA),0.52525,0.4964479725393104,0.5603281791870667,0.52525,0.4839160839160839,0.8046511627906977,0.346,0.292267365661861,0.4239543726235741,0.223,0.5805877114870882,0.5232744783306581,0.652,0.6290207290922087,0.489432703003337,0.88,0.5196298,0.5247921,0.12724173,0.44189394,0.0827055,0.5705134,0.13539803,0.5058746,0.124180146,430.0,526.0,1246.0,1798.0,1.0,"[[346, 139, 185, 330], [49, 223, 348, 380], [29, 111, 652, 208], [6, 53, 61, 880]]"
9,1,CNN,0.33625,0.3253802567573399,0.4354883099739602,0.33625,0.1552028218694885,0.6567164179104478,0.088,0.2576991150442478,0.1994520547945205,0.364,0.5224489795918368,0.5333333333333333,0.512,0.3661701105237866,0.3524514338575393,0.381,0.6504796,0.4969201,0.12967147,0.724436,0.1804001,0.62595916,0.139528,0.56643355,0.11376521,134.0,1825.0,960.0,1081.0,1.0,"[[88, 605, 106, 201], [22, 364, 325, 289], [24, 254, 512, 210], [0, 602, 17, 381]]"
9,1,RF (PCA),0.488,0.455479109824947,0.5091724483856199,0.488,0.4776119402985074,0.7426160337552743,0.352,0.213091922005571,0.3509174311926605,0.153,0.5408299866131191,0.4883158742949234,0.606,0.5903825903825903,0.4548404542996214,0.841,0.4921024999999999,0.4532700421940929,0.0869724171149496,0.3806880733944954,0.0526062397749608,0.5838436744560838,0.1649949714098202,0.4667550027041644,0.0881371725038535,474.0,436.0,1241.0,1849.0,1.0,"[[352, 88, 198, 362], [50, 153, 389, 408], [49, 107, 606, 238], [23, 88, 48, 841]]"
9,1,ResNet,0.29675,0.1854327865774252,0.4151411476854674,0.29675,0.3114268798105388,0.3817126269956458,0.263,0.0019980019980019,1.0,0.001,0.4283062645011601,0.2788519637462235,0.923,0.0,0.0,0.0,0.6479299,0.58502847,0.08089909,0.4752622,0.0,0.6610756,0.09923689,,,689.0,1.0,3310.0,0.0,1.0,"[[263, 0, 737, 0], [104, 1, 895, 0], [77, 0, 923, 0], [245, 0, 755, 0]]"
9,1,XGBoost (PCA),0.522,0.4933269710939062,0.5534195765819356,0.522,0.4924137931034483,0.7933333333333333,0.357,0.2806324110671936,0.4111969111969112,0.213,0.5737556561085972,0.5239669421487604,0.634,0.6265060240963856,0.4851811196487376,0.884,0.51890785,0.5271557,0.12797606,0.44016197,0.08108945,0.568578,0.13551071,0.50627214,0.12606552,450.0,518.0,1210.0,1822.0,1.0,"[[357, 137, 179, 327], [53, 213, 340, 394], [32, 117, 634, 217], [8, 51, 57, 884]]"
9,3,CNN,0.3255,0.2919661986551465,0.523504537063305,0.3255,0.0059820538384845,1.0,0.003,0.2726063829787234,0.2041832669322709,0.41,0.5297029702970297,0.5245098039215687,0.535,0.3595733875063484,0.3653250773993808,0.354,0.70270544,0.3993689,0.011364926,0.74777913,0.16935597,0.7113115,0.14254546,0.60118216,0.119527824,3.0,2008.0,1020.0,969.0,1.0,"[[3, 675, 126, 196], [0, 410, 341, 249], [0, 295, 535, 170], [0, 628, 18, 354]]"
9,3,RF (PCA),0.48825,0.4551906379374993,0.5094605558312815,0.4882499999999999,0.4776119402985074,0.7426160337552743,0.352,0.2103786816269284,0.352112676056338,0.15,0.544,0.4896,0.612,0.5887719298245614,0.4535135135135135,0.839,0.492105,0.4534810126582279,0.0877515231107541,0.3817840375586854,0.052021215685052,0.582032,0.1650532973799675,0.4666432432432432,0.0883257317364462,474.0,426.0,1250.0,1850.0,1.0,"[[352, 86, 198, 364], [51, 150, 391, 408], [48, 101, 612, 239], [23, 89, 49, 839]]"
9,3,ResNet,0.25125,0.1025876622891548,0.3125782227784731,0.25125,0.0099502487562189,1.0,0.005,0.0,0.0,0.0,0.4004004004004004,0.2503128911138924,1.0,0.0,0.0,0.0,0.79125315,0.53212166,0.023494624,,,0.79157746,0.07275763,,,5.0,0.0,3995.0,0.0,1.0,"[[5, 0, 995, 0], [0, 0, 1000, 0], [0, 0, 1000, 0], [0, 0, 1000, 0]]"
9,3,XGBoost (PCA),0.52175,0.4929682715362045,0.5525637967705203,0.52175,0.4920744314266023,0.7915742793791575,0.357,0.2793148880105401,0.4092664092664093,0.212,0.5737556561085972,0.5239669421487604,0.634,0.6267281105990783,0.485447556287754,0.884,0.5188234,0.5275599,0.12792161,0.44040918,0.08136108,0.56821024,0.13561493,0.5061492,0.12594245,451.0,518.0,1210.0,1821.0,1.0,"[[357, 138, 179, 326], [53, 212, 340, 395], [33, 117, 634, 216], [8, 51, 57, 884]]"
9,5,CNN,0.31075,0.2684286905820101,0.271100076129023,0.31075,0.0,0.0,0.0,0.2942216981132075,0.2086120401337792,0.499,0.5293276108726752,0.5059252506836828,0.555,0.2501654533421575,0.3698630136986301,0.189,0.7399491,0.0,0.0,0.76858974,0.16284226,0.7557078,0.14735644,0.5720513,0.11556171,0.0,2392.0,1097.0,511.0,1.0,"[[0, 744, 149, 107], [0, 499, 366, 135], [0, 365, 555, 80], [0, 784, 27, 189]]"
9,5,RF (PCA),0.487,0.454379529079699,0.5055557870442083,0.487,0.4797297297297297,0.7395833333333334,0.355,0.2059846903270702,0.3386727688787185,0.148,0.5429461504227859,0.4891740176423416,0.61,0.5888575458392101,0.45479302832244,0.835,0.491965,0.4524375,0.0878000584305993,0.3810983981693364,0.052220110824766,0.5816038492381717,0.1650709849531257,0.4678050108932461,0.0876156384763011,480.0,437.0,1247.0,1836.0,1.0,"[[355, 91, 195, 359], [52, 148, 393, 407], [50, 105, 610, 235], [23, 93, 49, 835]]"
9,5,ResNet,0.2495,0.0998599159495697,0.0624218163622717,0.2495,0.0,0.0,0.0,0.0,0.0,0.0,0.3994396637982789,0.2496872654490868,0.998,0.0,0.0,0.0,0.8217571,0.55117875,0.056908067,,,0.82196015,0.06867627,,,3.0,0.0,3997.0,0.0,1.0,"[[0, 0, 1000, 0], [1, 0, 999, 0], [2, 0, 998, 0], [0, 0, 1000, 0]]"
9,5,XGBoost (PCA),0.5225,0.4939086619036502,0.553539899280882,0.5225,0.4944903581267217,0.7942477876106194,0.359,0.2804476629361422,0.4104046242774566,0.213,0.5725915875169606,0.5227085053674649,0.633,0.6281050390347764,0.4867986798679868,0.885,0.51884604,0.52772564,0.12770997,0.4410268,0.08152959,0.5676846,0.13575356,0.5063218,0.12577881,452.0,519.0,1211.0,1818.0,1.0,"[[359, 136, 181, 324], [53, 213, 340, 394], [33, 119, 633, 215], [7, 51, 57, 885]]"
9,10,CNN,0.3005,0.2140027155654298,0.4212976134690052,0.3005,0.0,0.0,0.0,0.3049450549450549,0.2102272727272727,0.555,0.5470737913486005,0.4749631811487481,0.645,0.0039920159680638,1.0,0.002,0.7834886,0.0,0.0,0.80586547,0.14419147,0.7404348,0.1306144,0.47966617,0.053544775,0.0,2640.0,1358.0,2.0,1.0,"[[0, 820, 180, 0], [0, 555, 445, 0], [0, 355, 645, 0], [0, 910, 88, 2]]"
9,10,RF (PCA),0.48475,0.4530916632943774,0.5031922078149441,0.48475,0.4800540906017579,0.7411273486430062,0.355,0.2050929112181693,0.3289183222958057,0.149,0.5409762651141962,0.4898621248986212,0.604,0.5862433862433862,0.4528610354223433,0.831,0.4916675,0.4534655532359081,0.0867825153592837,0.380242825607064,0.0519694529308521,0.583154906731549,0.1638532056540045,0.4676730245231608,0.0877877171236001,479.0,453.0,1233.0,1835.0,1.0,"[[355, 94, 191, 360], [52, 149, 391, 408], [49, 111, 604, 236], [23, 99, 47, 831]]"
9,10,ResNet,0.252,0.1336917804118774,0.1249858590886465,0.252,0.139367816091954,0.2474489795918367,0.097,0.0,0.0,0.0,0.3953993055555556,0.2524944567627494,0.911,0.0,0.0,0.0,0.7377839,0.6023577,0.07717239,,,0.75249773,0.11485928,,,392.0,0.0,3608.0,0.0,1.0,"[[97, 0, 903, 0], [96, 0, 904, 0], [89, 0, 911, 0], [110, 0, 890, 0]]"
9,10,XGBoost (PCA),0.52425,0.4960699664305901,0.5555652894245678,0.52425,0.4941500344115623,0.7924944812362031,0.359,0.2862770847012475,0.4168260038240918,0.218,0.5755656108597285,0.5256198347107438,0.636,0.6282871357498223,0.4873208379272326,0.884,0.5185691,0.52760005,0.12820232,0.44134587,0.08147002,0.56675583,0.1355553,0.5064362,0.12565503,453.0,523.0,1210.0,1814.0,1.0,"[[359, 135, 181, 325], [54, 218, 337, 391], [33, 117, 636, 214], [7, 53, 56, 884]]"
9,20,CNN,0.2545,0.1179186455186852,0.0938774608307749,0.2545,0.0,0.0,0.0,0.0517897943640517,0.108626198083067,0.034,0.4198847877106891,0.2668836452400325,0.984,0.0,0.0,0.0,0.83093727,0.0,0.0,0.66124564,0.12014771,0.84534293,0.10875442,0.0,0.0,0.0,313.0,3687.0,0.0,1.0,"[[0, 177, 823, 0], [0, 34, 966, 0], [0, 16, 984, 0], [0, 86, 914, 0]]"
9,20,RF (PCA),0.4915,0.4603153024704456,0.5098938652297687,0.4914999999999999,0.488681757656458,0.7310756972111554,0.367,0.2174216027874564,0.3586206896551724,0.156,0.5467561521252796,0.4947368421052631,0.611,0.5884016973125884,0.4551422319474836,0.832,0.490445,0.4513346613545816,0.0878994102851149,0.377816091954023,0.051260553437806,0.5796923076923077,0.1626767069787804,0.467691466083151,0.0874262990230645,502.0,435.0,1235.0,1828.0,1.0,"[[367, 89, 191, 353], [56, 156, 386, 402], [53, 95, 611, 241], [26, 95, 47, 832]]"
9,20,ResNet,0.246,0.159543406723031,0.1212498429562592,0.246,0.2714227142271422,0.2300208478109798,0.331,0.0,0.0,0.0,0.3667509126649817,0.254978524014057,0.653,0.0,0.0,0.0,0.7467769,0.7053769,0.1294262,,,0.7700391,0.13738908,,,1439.0,0.0,2561.0,0.0,1.0,"[[331, 0, 669, 0], [362, 0, 638, 0], [347, 0, 653, 0], [399, 0, 601, 0]]"
9,20,XGBoost (PCA),0.5255,0.4981806698728675,0.5542809100624205,0.5255,0.5033921302578019,0.7827004219409283,0.371,0.2870309414088215,0.420038535645472,0.218,0.574806730331969,0.5271059216013344,0.632,0.6274928774928775,0.4872787610619469,0.881,0.5168665,0.5272339,0.12905902,0.4377973,0.07888254,0.56345093,0.1349958,0.5059529,0.12532742,474.0,519.0,1199.0,1808.0,1.0,"[[371, 133, 174, 322], [58, 218, 334, 390], [36, 117, 632, 215], [9, 51, 59, 881]]"
9,30,CNN,0.25,0.1000200040008001,0.0625156289072268,0.25,0.0,0.0,0.0,0.0,0.0,0.0,0.4000800160032006,0.2500625156289072,1.0,0.0,0.0,0.0,0.95733786,0.0,0.0,0.49938622,0.0,0.95745236,0.040115252,0.0,0.0,0.0,1.0,3999.0,0.0,1.0,"[[0, 1, 999, 0], [0, 0, 1000, 0], [0, 0, 1000, 0], [0, 0, 1000, 0]]"
9,30,RF (PCA),0.495,0.4617324522908285,0.5001175561126411,0.495,0.5069885641677255,0.6951219512195121,0.399,0.197864768683274,0.3432098765432099,0.139,0.5441310282074613,0.4991652754590985,0.598,0.597945448104853,0.4629731212287438,0.844,0.4884575,0.451567944250871,0.0897886489548637,0.3719753086419753,0.0517977966328284,0.5766110183639399,0.1562985904001262,0.468019747668678,0.0876954014068707,574.0,405.0,1198.0,1823.0,1.0,"[[399, 91, 171, 339], [72, 139, 385, 404], [65, 101, 598, 236], [38, 74, 44, 844]]"
9,30,ResNet,0.2465,0.16435700074144,0.1232899459424853,0.2465,0.3247694334650856,0.2421414538310412,0.493,0.0,0.0,0.0,0.3326585695006747,0.2510183299389002,0.493,0.0,0.0,0.0,0.78911155,0.7941194,0.14793074,,,0.7839201,0.14852548,,,2036.0,0.0,1964.0,0.0,1.0,"[[493, 0, 507, 0], [503, 0, 497, 0], [507, 0, 493, 0], [533, 0, 467, 0]]"
9,30,XGBoost (PCA),0.53075,0.503381092792598,0.5507788485399635,0.53075,0.5299806576402321,0.7459165154264973,0.411,0.2806779661016949,0.4357894736842105,0.207,0.5727482678983834,0.5321888412017167,0.62,0.6301174795300819,0.4892205638474295,0.885,0.5121857,0.5298638,0.12932256,0.4271491,0.0760154,0.5562898,0.13148971,0.50072646,0.12559697,551.0,475.0,1165.0,1809.0,1.0,"[[411, 109, 168, 312], [75, 207, 326, 392], [49, 111, 620, 220], [16, 48, 51, 885]]"
19,0,CNN,0.33275,0.3181371790419093,0.425207498103201,0.33275,0.2522088353413654,0.6408163265306123,0.157,0.2921068986948415,0.21190261496844,0.47,0.5266604303086997,0.4947275922671353,0.563,0.2015725518227305,0.3533834586466165,0.141,0.66445786,0.5273515,0.14067821,0.74555457,0.1940239,0.6094559,0.14483269,0.4547105,0.08441129,245.0,2218.0,1138.0,399.0,1.0,"[[157, 626, 148, 69], [37, 470, 386, 107], [49, 306, 563, 82], [2, 816, 41, 141]]"
19,0,RF (PCA),0.45725,0.3857927557138574,0.4892546403498625,0.45725,0.3791250959324635,0.8151815181518152,0.247,0.0524886877828054,0.2761904761904762,0.029,0.5284351819145179,0.4085199344620426,0.748,0.5831220572256429,0.4571266325951164,0.805,0.5521975,0.4450165016501649,0.0829922044430837,0.3651428571428571,0.0601761586346886,0.635783724740579,0.1813371210682834,0.4948835888699602,0.1014712921576898,303.0,105.0,1831.0,1761.0,1.0,"[[247, 31, 359, 363], [21, 29, 564, 386], [26, 19, 748, 207], [9, 26, 160, 805]]"
19,0,ResNet,0.25775,0.1178083372632479,0.4063613509673188,0.25775,0.4047957732168258,0.2540168324407039,0.996,0.0,0.0,0.0,0.0178394449950445,1.0,0.009,0.0485981308411214,0.3714285714285714,0.026,0.83904123,0.84440243,0.109577484,,,0.5355655,0.083654374,0.57776487,0.07136673,3921.0,0.0,9.0,70.0,1.0,"[[996, 0, 0, 4], [992, 0, 0, 8], [959, 0, 9, 32], [974, 0, 0, 26]]"
19,0,XGBoost (PCA),0.498,0.4585670122424881,0.5396682452671722,0.498,0.4485025566106647,0.8319783197831978,0.307,0.2148997134670487,0.3787878787878788,0.15,0.5605095541401274,0.4656084656084656,0.704,0.6103562247521116,0.4822983168891468,0.831,0.51336443,0.48000205,0.10347169,0.42544818,0.07317177,0.5714877,0.13928334,0.48970973,0.12164096,369.0,396.0,1512.0,1723.0,1.0,"[[307, 109, 258, 326], [38, 150, 444, 368], [18, 80, 704, 198], [6, 57, 106, 831]]"
19,1,CNN,0.326,0.302733953385493,0.4384448236953768,0.326,0.1934369602763385,0.7088607594936709,0.112,0.2910539215686274,0.2098056537102473,0.475,0.5324794144556267,0.490725126475548,0.582,0.1939655172413793,0.3443877551020408,0.135,0.68858486,0.5085762,0.13364959,0.75827146,0.18997818,0.65008163,0.14936495,0.4751554,0.09258115,158.0,2264.0,1186.0,392.0,1.0,"[[112, 652, 157, 79], [24, 475, 401, 100], [21, 319, 582, 78], [1, 818, 46, 135]]"
19,1,RF (PCA),0.4595,0.3894171661723407,0.4802064224501987,0.4595,0.3960695389266818,0.8111455108359134,0.262,0.0485611510791366,0.2410714285714285,0.027,0.52875226039783,0.4141643059490085,0.731,0.5842857142857143,0.4544444444444444,0.818,0.5495425,0.4456656346749225,0.0839713184216875,0.3647321428571428,0.0578168262308487,0.6355864022662889,0.1807085802516713,0.4953111111111111,0.1019428646562425,323.0,112.0,1765.0,1800.0,1.0,"[[262, 33, 337, 368], [23, 27, 554, 396], [27, 24, 731, 218], [11, 28, 143, 818]]"
19,1,ResNet,0.285,0.1702792473607353,0.1683056029579067,0.285,0.2621621621621621,0.4041666666666667,0.194,0.0,0.0,0.0,0.4189548272807794,0.2690557451649601,0.946,0.0,0.0,0.0,0.64969116,0.58319026,0.08784191,0.4657711,0.009491254,0.658979,0.09329164,,,480.0,4.0,3516.0,0.0,1.0,"[[194, 0, 806, 0], [61, 0, 939, 0], [51, 3, 946, 0], [174, 1, 825, 0]]"
19,1,XGBoost (PCA),0.50125,0.461528326491385,0.5407501725685347,0.50125,0.4566473988439306,0.8229166666666666,0.316,0.2153179190751445,0.3880208333333333,0.149,0.5597075548334687,0.4712722298221614,0.689,0.6144404332129964,0.4807909604519774,0.851,0.5118485,0.4834386,0.10424765,0.42464495,0.071678415,0.56942904,0.1388609,0.48936996,0.123763874,384.0,384.0,1462.0,1770.0,1.0,"[[316, 105, 246, 333], [40, 149, 435, 376], [21, 80, 689, 210], [7, 50, 92, 851]]"
19,3,CNN,0.303,0.2442170038227933,0.4965532606079758,0.303,0.0178394449950445,1.0,0.009,0.2918632075471698,0.2069397993311036,0.495,0.5362505362505362,0.4695717505634861,0.625,0.1309148264984227,0.3097014925373134,0.083,0.75289726,0.44592154,0.08061112,0.78937405,0.16960849,0.734334,0.1589668,0.5298303,0.09844846,9.0,2392.0,1331.0,268.0,1.0,"[[9, 711, 205, 75], [0, 495, 439, 66], [0, 331, 625, 44], [0, 855, 62, 83]]"
19,3,RF (PCA),0.459,0.3900305712097659,0.4841483332164577,0.4589999999999999,0.3960695389266818,0.8111455108359134,0.262,0.053763440860215,0.2586206896551724,0.03,0.5280289330922242,0.4135977337110481,0.73,0.5822603719599427,0.4532293986636971,0.814,0.549485,0.4459133126934984,0.0848054698560713,0.3642241379310345,0.056203921541745,0.6350084985835693,0.180801998147162,0.4960300668151448,0.1021898163295417,323.0,116.0,1765.0,1796.0,1.0,"[[262, 33, 338, 367], [23, 30, 552, 395], [27, 23, 730, 220], [11, 30, 145, 814]]"
19,3,ResNet,0.2505,0.1010570449946937,0.2292135768493036,0.2505,0.003988035892323,0.6666666666666666,0.002,0.0,0.0,0.0,0.4002401440864518,0.2501876407305479,1.0,0.0,0.0,0.0,0.8025246,0.5078618,0.005927498,,,0.80274576,0.06604387,,,3.0,0.0,3997.0,0.0,1.0,"[[2, 0, 998, 0], [1, 0, 999, 0], [0, 0, 1000, 0], [0, 0, 1000, 0]]"
19,3,XGBoost (PCA),0.5015,0.4619644399845198,0.5407442993807563,0.5015,0.4566473988439306,0.8229166666666666,0.316,0.2161383285302593,0.3865979381443299,0.15,0.5610749185667753,0.4732142857142857,0.689,0.613997113997114,0.4802483069977427,0.851,0.5117735,0.48428214,0.104169175,0.42408457,0.072417855,0.5698347,0.13838303,0.4892244,0.123547725,384.0,388.0,1456.0,1772.0,1.0,"[[316, 108, 243, 333], [41, 150, 432, 377], [20, 80, 689, 211], [7, 50, 92, 851]]"
19,5,CNN,0.2965,0.2216443655997495,0.2382757039355985,0.2965,0.0,0.0,0.0,0.2985327313769751,0.207940251572327,0.529,0.5338441890166028,0.4647887323943662,0.627,0.05420054200542,0.2803738317757009,0.03,0.80108607,0.0,0.0,0.82103467,0.15264885,0.7851405,0.14969684,0.5278255,0.09451625,0.0,2544.0,1349.0,107.0,1.0,"[[0, 756, 212, 32], [0, 529, 448, 23], [0, 351, 627, 22], [0, 908, 62, 30]]"
19,5,RF (PCA),0.459,0.3907102405128381,0.4819501560751751,0.459,0.3996983408748115,0.8128834355828221,0.265,0.0535236396074933,0.2479338842975206,0.03,0.5294117647058824,0.4156214367160775,0.729,0.5802072168631655,0.4513618677042801,0.812,0.5493175,0.4450613496932514,0.085313366299449,0.367190082644628,0.0550465338907146,0.6360832383124287,0.1800044213431501,0.4958643690939411,0.1026405973349082,326.0,121.0,1754.0,1799.0,1.0,"[[265, 33, 334, 368], [23, 30, 548, 399], [27, 24, 729, 220], [11, 34, 143, 812]]"
19,5,ResNet,0.25,0.1000400160064025,0.0625312656328164,0.25,0.0,0.0,0.0,0.0,0.0,0.0,0.4001600640256102,0.2501250625312656,1.0,0.0,0.0,0.0,0.8242157,0.50810087,0.0042702556,,,0.82437384,0.06639144,,,2.0,0.0,3998.0,0.0,1.0,"[[0, 0, 1000, 0], [0, 0, 1000, 0], [0, 0, 1000, 0], [2, 0, 998, 0]]"
19,5,XGBoost (PCA),0.50175,0.4623522778916152,0.5402660228310845,0.50175,0.4563176895306859,0.8207792207792208,0.316,0.2169540229885057,0.3852040816326531,0.151,0.5618619844834626,0.4748102139406487,0.688,0.6142754145638067,0.4802705749718151,0.852,0.5116262,0.48427132,0.10479496,0.42432988,0.07232617,0.5704023,0.13800544,0.48884434,0.12336371,385.0,392.0,1449.0,1774.0,1.0,"[[316, 110, 241, 333], [41, 151, 430, 378], [21, 80, 688, 211], [7, 51, 90, 852]]"
19,10,CNN,0.29625,0.2080621451665499,0.1637551116978158,0.29625,0.0,0.0,0.0,0.2896315338474721,0.202718912435026,0.507,0.5426170468187275,0.4523015343562375,0.678,0.0,0.0,0.0,0.81440556,0.0,0.0,0.84434205,0.14312087,0.7644582,0.12864007,0.0,0.0,0.0,2501.0,1499.0,0.0,1.0,"[[0, 772, 228, 0], [0, 507, 493, 0], [0, 322, 678, 0], [0, 900, 100, 0]]"
19,10,RF (PCA),0.46025,0.3922624865635421,0.4842467297084893,0.46025,0.4021084337349397,0.8140243902439024,0.267,0.0552584670231729,0.2540983606557377,0.031,0.5301379811183733,0.4161915621436716,0.73,0.5815450643776824,0.4526726057906459,0.813,0.5488099999999999,0.4453353658536585,0.0861288581874334,0.3668852459016393,0.0554723674707361,0.6342360319270238,0.1793486032393682,0.4966369710467706,0.1022853755630643,328.0,122.0,1754.0,1796.0,1.0,"[[267, 36, 330, 367], [23, 31, 550, 396], [28, 22, 730, 220], [10, 33, 144, 813]]"
19,10,ResNet,0.24825,0.1307369302761007,0.1152445722706189,0.24825,0.1275121275121275,0.2076749435665914,0.092,0.0,0.0,0.0,0.3954355935922756,0.2533033455158842,0.901,0.0,0.0,0.0,0.7307165,0.60172147,0.079106554,,,0.7467819,0.114002466,,,443.0,0.0,3557.0,0.0,1.0,"[[92, 0, 908, 0], [106, 0, 894, 0], [99, 0, 901, 0], [146, 0, 854, 0]]"
19,10,XGBoost (PCA),0.502,0.4632730999009571,0.5408398678448562,0.502,0.4607631389488841,0.8226221079691517,0.32,0.2182340272792534,0.3867684478371501,0.152,0.5600981193785772,0.4737206085753803,0.685,0.613997113997114,0.4802483069977427,0.851,0.5113957,0.48527655,0.10478535,0.4246236,0.07303251,0.5695527,0.13808258,0.48891646,0.12322783,389.0,393.0,1446.0,1772.0,1.0,"[[320, 109, 242, 329], [40, 152, 429, 379], [22, 80, 685, 213], [7, 52, 90, 851]]"
19,20,CNN,0.2545,0.1177091206853111,0.0951309030412702,0.2545,0.0,0.0,0.0,0.0524691358024691,0.1148648648648648,0.034,0.4183673469387755,0.265658747300216,0.984,0.0,0.0,0.0,0.8422452,0.0,0.0,0.6725485,0.119668625,0.85580635,0.10704945,0.0,0.0,0.0,296.0,3704.0,0.0,1.0,"[[0, 153, 847, 0], [0, 34, 966, 0], [0, 16, 984, 0], [0, 93, 907, 0]]"
19,20,RF (PCA),0.46225,0.39423055632008,0.4826124037435647,0.4622499999999999,0.4107542942494399,0.8112094395280236,0.275,0.0519247985675917,0.2478632478632478,0.029,0.5307608299963597,0.4172867773325701,0.729,0.5834823024669289,0.4540901502504174,0.816,0.546725,0.4474631268436578,0.0847905329684765,0.3717094017094016,0.0580346285999666,0.6282999427590155,0.1784517315955255,0.4975403450194769,0.1029025837874413,339.0,117.0,1747.0,1797.0,1.0,"[[275, 34, 328, 363], [25, 29, 548, 398], [28, 23, 729, 220], [11, 31, 142, 816]]"
19,20,ResNet,0.2465,0.1611746987640936,0.1226384409913662,0.2465,0.2865236746256576,0.2406526172671652,0.354,0.0,0.0,0.0,0.3581751204307169,0.2499011466982997,0.632,0.0,0.0,0.0,0.7446407,0.71438354,0.13562341,,,0.7622399,0.13738438,,,1471.0,0.0,2529.0,0.0,1.0,"[[354, 0, 646, 0], [374, 0, 626, 0], [368, 0, 632, 0], [375, 0, 625, 0]]"
19,20,XGBoost (PCA),0.50375,0.4658150259360179,0.5407711425567561,0.50375,0.4667143879742305,0.8211586901763224,0.326,0.2198429693076374,0.3840399002493765,0.154,0.5597045547804678,0.4745998608211552,0.682,0.616998191681736,0.48328611898017,0.853,0.5096988,0.48904458,0.1062571,0.42145193,0.07178366,0.56597906,0.13729963,0.4885724,0.12285978,397.0,401.0,1437.0,1765.0,1.0,"[[326, 107, 244, 323], [41, 154, 427, 378], [22, 85, 682, 211], [8, 55, 84, 853]]"
19,30,CNN,0.25025,0.1005390180024105,0.1875312656328164,0.25025,0.0,0.0,0.0,0.0019960079840319,0.5,0.001,0.4001600640256102,0.2501250625312656,1.0,0.0,0.0,0.0,0.95811987,0.0,0.0,0.58296216,0.021031648,0.95830745,0.042349603,0.0,0.0,0.0,2.0,3998.0,0.0,1.0,"[[0, 0, 1000, 0], [0, 1, 999, 0], [0, 0, 1000, 0], [0, 1, 999, 0]]"
19,30,RF (PCA),0.4675,0.4037279254040341,0.4780953158241465,0.4674999999999999,0.4455587392550143,0.7853535353535354,0.311,0.0551601423487544,0.25,0.031,0.5265898103384158,0.4191829484902309,0.708,0.587603009673952,0.4578447794528196,0.82,0.5382475,0.4423484848484849,0.0884592571440208,0.3646774193548387,0.0586052332226585,0.6130076968620485,0.1697933841750485,0.5009659408151871,0.1016690114851374,396.0,124.0,1689.0,1791.0,1.0,"[[311, 28, 312, 349], [33, 31, 541, 395], [38, 27, 708, 227], [14, 38, 128, 820]]"
19,30,ResNet,0.25425,0.1695109824458631,0.1272500614755485,0.25425,0.338382210763777,0.2496433666191155,0.525,0.0,0.0,0.0,0.3396617190196755,0.2593568792830785,0.492,0.0,0.0,0.0,0.7880117,0.79212487,0.14631496,,,0.78345203,0.14655943,,,2103.0,0.0,1897.0,0.0,1.0,"[[525, 0, 475, 0], [529, 0, 471, 0], [508, 0, 492, 0], [541, 0, 459, 0]]"
19,30,XGBoost (PCA),0.51,0.473974422061892,0.5367090160281494,0.51,0.5075034106412005,0.7982832618025751,0.372,0.2115942028985507,0.3842105263157894,0.146,0.5574592561638111,0.4788226848528356,0.667,0.6193408185440058,0.4855195911413969,0.855,0.504569,0.49147478,0.11040059,0.41396564,0.06818737,0.5566864,0.1338139,0.48635858,0.122621074,466.0,380.0,1393.0,1761.0,1.0,"[[372, 92, 220, 316], [52, 146, 423, 379], [32, 90, 667, 211], [10, 52, 83, 855]]"
